// @generated
/// Encoded file descriptor set for the `local.v1` package
pub const FILE_DESCRIPTOR_SET: &[u8] = &[
    0x0a, 0xec, 0xb7, 0x01, 0x0a, 0x14, 0x6c, 0x6f, 0x63, 0x61, 0x6c, 0x2f, 0x76, 0x31, 0x2f, 0x6c,
    0x6f, 0x63, 0x61, 0x6c, 0x2e, 0x70, 0x72, 0x6f, 0x74, 0x6f, 0x12, 0x08, 0x6c, 0x6f, 0x63, 0x61,
    0x6c, 0x2e, 0x76, 0x31, 0x1a, 0x10, 0x61, 0x70, 0x69, 0x2f, 0x76, 0x31, 0x2f, 0x61, 0x67, 0x65,
    0x2e, 0x70, 0x72, 0x6f, 0x74, 0x6f, 0x1a, 0x10, 0x61, 0x70, 0x69, 0x2f, 0x76, 0x31, 0x2f, 0x70,
    0x61, 0x79, 0x2e, 0x70, 0x72, 0x6f, 0x74, 0x6f, 0x1a, 0x11, 0x61, 0x70, 0x69, 0x2f, 0x76, 0x31,
    0x2f, 0x76, 0x65, 0x6e, 0x64, 0x2e, 0x70, 0x72, 0x6f, 0x74, 0x6f, 0x1a, 0x14, 0x61, 0x70, 0x69,
    0x2f, 0x76, 0x31, 0x2f, 0x76, 0x65, 0x72, 0x73, 0x69, 0x6f, 0x6e, 0x2e, 0x70, 0x72, 0x6f, 0x74,
    0x6f, 0x32, 0x4c, 0x0a, 0x16, 0x41, 0x67, 0x65, 0x56, 0x65, 0x72, 0x69, 0x66, 0x69, 0x63, 0x61,
    0x74, 0x69, 0x6f, 0x6e, 0x53, 0x65, 0x72, 0x76, 0x69, 0x63, 0x65, 0x12, 0x32, 0x0a, 0x03, 0x41,
    0x67, 0x65, 0x12, 0x12, 0x2e, 0x61, 0x70, 0x69, 0x2e, 0x76, 0x31, 0x2e, 0x41, 0x67, 0x65, 0x52,
    0x65, 0x71, 0x75, 0x65, 0x73, 0x74, 0x1a, 0x13, 0x2e, 0x61, 0x70, 0x69, 0x2e, 0x76, 0x31, 0x2e,
    0x41, 0x67, 0x65, 0x52, 0x65, 0x73, 0x70, 0x6f, 0x6e, 0x73, 0x65, 0x28, 0x01, 0x30, 0x01, 0x32,
    0x40, 0x0a, 0x0a, 0x50, 0x61, 0x79, 0x53, 0x65, 0x72, 0x76, 0x69, 0x63, 0x65, 0x12, 0x32, 0x0a,
    0x03, 0x50, 0x61, 0x79, 0x12, 0x12, 0x2e, 0x61, 0x70, 0x69, 0x2e, 0x76, 0x31, 0x2e, 0x50, 0x61,
    0x79, 0x52, 0x65, 0x71, 0x75, 0x65, 0x73, 0x74, 0x1a, 0x13, 0x2e, 0x61, 0x70, 0x69, 0x2e, 0x76,
    0x31, 0x2e, 0x50, 0x61, 0x79, 0x52, 0x65, 0x73, 0x70, 0x6f, 0x6e, 0x73, 0x65, 0x28, 0x01, 0x30,
    0x01, 0x32, 0x44, 0x0a, 0x0b, 0x56, 0x65, 0x6e, 0x64, 0x53, 0x65, 0x72, 0x76, 0x69, 0x63, 0x65,
    0x12, 0x35, 0x0a, 0x04, 0x56, 0x65, 0x6e, 0x64, 0x12, 0x13, 0x2e, 0x61, 0x70, 0x69, 0x2e, 0x76,
    0x31, 0x2e, 0x56, 0x65, 0x6e, 0x64, 0x52, 0x65, 0x71, 0x75, 0x65, 0x73, 0x74, 0x1a, 0x14, 0x2e,
    0x61, 0x70, 0x69, 0x2e, 0x76, 0x31, 0x2e, 0x56, 0x65, 0x6e, 0x64, 0x52, 0x65, 0x73, 0x70, 0x6f,
    0x6e, 0x73, 0x65, 0x28, 0x01, 0x30, 0x01, 0x32, 0x4c, 0x0a, 0x0e, 0x56, 0x65, 0x72, 0x73, 0x69,
    0x6f, 0x6e, 0x53, 0x65, 0x72, 0x76, 0x69, 0x63, 0x65, 0x12, 0x3a, 0x0a, 0x07, 0x56, 0x65, 0x72,
    0x73, 0x69, 0x6f, 0x6e, 0x12, 0x16, 0x2e, 0x61, 0x70, 0x69, 0x2e, 0x76, 0x31, 0x2e, 0x56, 0x65,
    0x72, 0x73, 0x69, 0x6f, 0x6e, 0x52, 0x65, 0x71, 0x75, 0x65, 0x73, 0x74, 0x1a, 0x17, 0x2e, 0x61,
    0x70, 0x69, 0x2e, 0x76, 0x31, 0x2e, 0x56, 0x65, 0x72, 0x73, 0x69, 0x6f, 0x6e, 0x52, 0x65, 0x73,
    0x70, 0x6f, 0x6e, 0x73, 0x65, 0x42, 0x5b, 0x0a, 0x0c, 0x63, 0x6f, 0x6d, 0x2e, 0x6c, 0x6f, 0x63,
    0x61, 0x6c, 0x2e, 0x76, 0x31, 0x42, 0x0a, 0x4c, 0x6f, 0x63, 0x61, 0x6c, 0x50, 0x72, 0x6f, 0x74,
    0x6f, 0x50, 0x01, 0xa2, 0x02, 0x03, 0x4c, 0x58, 0x58, 0xaa, 0x02, 0x08, 0x4c, 0x6f, 0x63, 0x61,
    0x6c, 0x2e, 0x56, 0x31, 0xca, 0x02, 0x08, 0x4c, 0x6f, 0x63, 0x61, 0x6c, 0x5c, 0x56, 0x31, 0xe2,
    0x02, 0x14, 0x4c, 0x6f, 0x63, 0x61, 0x6c, 0x5c, 0x56, 0x31, 0x5c, 0x47, 0x50, 0x42, 0x4d, 0x65,
    0x74, 0x61, 0x64, 0x61, 0x74, 0x61, 0xea, 0x02, 0x09, 0x4c, 0x6f, 0x63, 0x61, 0x6c, 0x3a, 0x3a,
    0x56, 0x31, 0x4a, 0xf2, 0xb3, 0x01, 0x0a, 0x07, 0x12, 0x05, 0x00, 0x00, 0xfa, 0x03, 0x01, 0x0a,
    0x08, 0x0a, 0x01, 0x0c, 0x12, 0x03, 0x00, 0x00, 0x12, 0x0a, 0xd2, 0x22, 0x0a, 0x01, 0x02, 0x12,
    0x03, 0x65, 0x00, 0x11, 0x1a, 0xc7, 0x22, 0x0a, 0x23, 0x23, 0x23, 0x23, 0x20, 0x4c, 0x6f, 0x63,
    0x61, 0x6c, 0x20, 0x28, 0x6e, 0x65, 0x74, 0x77, 0x6f, 0x72, 0x6b, 0x29, 0x20, 0x41, 0x50, 0x49,
    0x0a, 0x54, 0x68, 0x69, 0x73, 0x20, 0x41, 0x50, 0x49, 0x20, 0x70, 0x72, 0x6f, 0x76, 0x69, 0x64,
    0x65, 0x73, 0x20, 0x61, 0x20, 0x77, 0x61, 0x79, 0x20, 0x74, 0x6f, 0x20, 0x63, 0x6f, 0x6e, 0x74,
    0x72, 0x6f, 0x6c, 0x20, 0x61, 0x6e, 0x64, 0x20, 0x71, 0x75, 0x65, 0x72, 0x79, 0x20, 0x61, 0x20,
    0x53, 0x45, 0x4e, 0x56, 0x45, 0x4e, 0x44, 0x20, 0x54, 0x65, 0x72, 0x6d, 0x69, 0x6e, 0x61, 0x6c,
    0x20, 0x76, 0x69, 0x61, 0x20, 0x61, 0x20, 0x6c, 0x6f, 0x63, 0x61, 0x6c, 0x20, 0x6e, 0x65, 0x74,
    0x77, 0x6f, 0x72, 0x6b, 0x20, 0x67, 0x52, 0x50, 0x43, 0x20, 0x63, 0x6f, 0x6e, 0x6e, 0x65, 0x63,
    0x74, 0x69, 0x6f, 0x6e, 0x2e, 0x0a, 0x0a, 0x54, 0x68, 0x65, 0x20, 0x41, 0x50, 0x49, 0x20, 0x69,
    0x73, 0x20, 0x64, 0x69, 0x76, 0x69, 0x64, 0x65, 0x64, 0x20, 0x69, 0x6e, 0x74, 0x6f, 0x20, 0x69,
    0x6e, 0x64, 0x69, 0x76, 0x69, 0x64, 0x75, 0x61, 0x6c, 0x20, 0x73, 0x65, 0x72, 0x76, 0x69, 0x63,
    0x65, 0x73, 0x2c, 0x20, 0x65, 0x61, 0x63, 0x68, 0x20, 0x70, 0x72, 0x6f, 0x76, 0x69, 0x64, 0x69,
    0x6e, 0x67, 0x20, 0x61, 0x20, 0x73, 0x70, 0x65, 0x63, 0x69, 0x66, 0x69, 0x63, 0x20, 0x77, 0x6f,
    0x72, 0x6b, 0x66, 0x6c, 0x6f, 0x77, 0x20, 0x66, 0x6f, 0x72, 0x20, 0x61, 0x20, 0x70, 0x6f, 0x73,
    0x73, 0x69, 0x62, 0x6c, 0x65, 0x20, 0x53, 0x45, 0x4e, 0x56, 0x45, 0x4e, 0x44, 0x20, 0x54, 0x65,
    0x72, 0x6d, 0x69, 0x6e, 0x61, 0x6c, 0x20, 0x69, 0x6e, 0x74, 0x65, 0x72, 0x61, 0x63, 0x74, 0x69,
    0x6f, 0x6e, 0x2e, 0x5c, 0x0a, 0x45, 0x61, 0x63, 0x68, 0x20, 0x73, 0x65, 0x72, 0x76, 0x69, 0x63,
    0x65, 0x20, 0x63, 0x61, 0x6e, 0x20, 0x64, 0x65, 0x66, 0x69, 0x6e, 0x65, 0x20, 0x6d, 0x75, 0x6c,
    0x74, 0x69, 0x70, 0x6c, 0x65, 0x20, 0x65, 0x6e, 0x64, 0x70, 0x6f, 0x69, 0x6e, 0x74, 0x73, 0x2c,
    0x20, 0x61, 0x6c, 0x74, 0x68, 0x6f, 0x75, 0x67, 0x68, 0x20, 0x6d, 0x6f, 0x73, 0x74, 0x20, 0x61,
    0x72, 0x65, 0x20, 0x69, 0x6d, 0x70, 0x6c, 0x65, 0x6d, 0x65, 0x6e, 0x74, 0x65, 0x64, 0x20, 0x75,
    0x73, 0x69, 0x6e, 0x67, 0x20, 0x6f, 0x6e, 0x6c, 0x79, 0x20, 0x6f, 0x6e, 0x65, 0x20, 0x73, 0x70,
    0x65, 0x63, 0x69, 0x66, 0x69, 0x63, 0x20, 0x52, 0x50, 0x43, 0x20, 0x65, 0x6e, 0x64, 0x70, 0x6f,
    0x69, 0x6e, 0x74, 0x2e, 0x0a, 0x0a, 0x45, 0x61, 0x63, 0x68, 0x20, 0x73, 0x65, 0x72, 0x76, 0x69,
    0x63, 0x65, 0x20, 0x63, 0x6f, 0x6d, 0x65, 0x73, 0x20, 0x77, 0x69, 0x74, 0x68, 0x20, 0x69, 0x74,
    0x73, 0x20, 0x6f, 0x77, 0x6e, 0x20, 0x64, 0x6f, 0x63, 0x75, 0x6d, 0x65, 0x6e, 0x74, 0x61, 0x74,
    0x69, 0x6f, 0x6e, 0x2c, 0x20, 0x73, 0x70, 0x65, 0x63, 0x69, 0x66, 0x79, 0x69, 0x6e, 0x67, 0x20,
    0x74, 0x68, 0x65, 0x20, 0x75, 0x73, 0x61, 0x67, 0x65, 0x20, 0x61, 0x6e, 0x64, 0x20, 0x72, 0x65,
    0x73, 0x74, 0x72, 0x69, 0x63, 0x74, 0x69, 0x6f, 0x6e, 0x73, 0x20, 0x6f, 0x66, 0x20, 0x69, 0x6e,
    0x64, 0x69, 0x76, 0x69, 0x64, 0x75, 0x61, 0x6c, 0x20, 0x65, 0x6e, 0x64, 0x70, 0x6f, 0x69, 0x6e,
    0x74, 0x73, 0x2e, 0x0a, 0x0a, 0x3c, 0x64, 0x65, 0x74, 0x61, 0x69, 0x6c, 0x73, 0x3e, 0x0a, 0x3c,
    0x73, 0x75, 0x6d, 0x6d, 0x61, 0x72, 0x79, 0x3e, 0x4c, 0x6f, 0x63, 0x61, 0x6c, 0x20, 0x67, 0x52,
    0x50, 0x43, 0x20, 0x63, 0x6f, 0x6e, 0x6e, 0x65, 0x63, 0x74, 0x69, 0x6f, 0x6e, 0x3c, 0x2f, 0x73,
    0x75, 0x6d, 0x6d, 0x61, 0x72, 0x79, 0x3e, 0x0a, 0x0a, 0x42, 0x79, 0x20, 0x64, 0x65, 0x66, 0x61,
    0x75, 0x6c, 0x74, 0x20, 0x74, 0x68, 0x65, 0x20, 0x41, 0x50, 0x49, 0x20, 0x6c, 0x69, 0x73, 0x74,
    0x65, 0x6e, 0x73, 0x20, 0x6f, 0x6e, 0x20, 0x70, 0x6f, 0x72, 0x74, 0x20, 0x60, 0x31, 0x31, 0x31,
    0x31, 0x31, 0x60, 0x20, 0x77, 0x69, 0x74, 0x68, 0x6f, 0x75, 0x74, 0x20, 0x61, 0x75, 0x74, 0x68,
    0x65, 0x6e, 0x74, 0x69, 0x63, 0x61, 0x74, 0x69, 0x6f, 0x6e, 0x20, 0x61, 0x6e, 0x64, 0x20, 0x65,
    0x6e, 0x63, 0x72, 0x79, 0x70, 0x74, 0x69, 0x6f, 0x6e, 0x2e, 0x0a, 0x48, 0x54, 0x54, 0x50, 0x53,
    0x20, 0x77, 0x69, 0x74, 0x68, 0x20, 0x54, 0x4c, 0x53, 0x20, 0x61, 0x6e, 0x64, 0x20, 0x61, 0x6e,
    0x20, 0x6f, 0x70, 0x74, 0x69, 0x6f, 0x6e, 0x61, 0x6c, 0x20, 0x61, 0x75, 0x74, 0x68, 0x65, 0x6e,
    0x74, 0x69, 0x63, 0x61, 0x74, 0x69, 0x6f, 0x6e, 0x20, 0x74, 0x6f, 0x6b, 0x65, 0x6e, 0x20, 0x63,
    0x61, 0x6e, 0x20, 0x62, 0x65, 0x20, 0x65, 0x78, 0x74, 0x65, 0x72, 0x6e, 0x61, 0x6c, 0x6c, 0x79,
    0x20, 0x63, 0x6f, 0x6e, 0x66, 0x69, 0x67, 0x75, 0x72, 0x65, 0x64, 0x2e, 0x0a, 0x0a, 0x23, 0x23,
    0x23, 0x23, 0x23, 0x20, 0x54, 0x4c, 0x53, 0x20, 0x63, 0x6f, 0x6e, 0x73, 0x69, 0x64, 0x65, 0x72,
    0x61, 0x74, 0x69, 0x6f, 0x6e, 0x73, 0x0a, 0x54, 0x6f, 0x20, 0x73, 0x75, 0x70, 0x70, 0x6f, 0x72,
    0x74, 0x20, 0x61, 0x20, 0x77, 0x69, 0x64, 0x65, 0x20, 0x76, 0x61, 0x72, 0x69, 0x65, 0x74, 0x79,
    0x20, 0x6f, 0x66, 0x20, 0x6e, 0x65, 0x74, 0x77, 0x6f, 0x72, 0x6b, 0x20, 0x63, 0x6f, 0x6e, 0x66,
    0x69, 0x67, 0x75, 0x72, 0x61, 0x74, 0x69, 0x6f, 0x6e, 0x73, 0x2c, 0x20, 0x74, 0x68, 0x65, 0x20,
    0x70, 0x72, 0x6f, 0x76, 0x69, 0x64, 0x65, 0x64, 0x20, 0x63, 0x65, 0x72, 0x74, 0x69, 0x66, 0x69,
    0x63, 0x61, 0x74, 0x65, 0x73, 0x20, 0x61, 0x72, 0x65, 0x20, 0x73, 0x69, 0x67, 0x6e, 0x65, 0x64,
    0x20, 0x66, 0x6f, 0x72, 0x20, 0x74, 0x68, 0x65, 0x20, 0x77, 0x69, 0x6c, 0x64, 0x63, 0x61, 0x72,
    0x64, 0x20, 0x64, 0x6f, 0x6d, 0x61, 0x69, 0x6e, 0x20, 0x60, 0x2a, 0x2e, 0x73, 0x65, 0x6e, 0x76,
    0x65, 0x6e, 0x64, 0x2e, 0x6c, 0x6f, 0x63, 0x61, 0x6c, 0x60, 0x2e, 0x0a, 0x0a, 0x54, 0x68, 0x65,
    0x20, 0x72, 0x6f, 0x6f, 0x74, 0x20, 0x43, 0x41, 0x20, 0x75, 0x73, 0x65, 0x64, 0x20, 0x74, 0x6f,
    0x20, 0x73, 0x69, 0x67, 0x6e, 0x20, 0x74, 0x68, 0x65, 0x20, 0x54, 0x4c, 0x53, 0x20, 0x63, 0x65,
    0x72, 0x74, 0x69, 0x66, 0x69, 0x63, 0x61, 0x74, 0x65, 0x20, 0x68, 0x61, 0x73, 0x20, 0x74, 0x6f,
    0x20, 0x62, 0x65, 0x20, 0x73, 0x65, 0x6c, 0x66, 0x2d, 0x73, 0x69, 0x67, 0x6e, 0x65, 0x64, 0x2c,
    0x20, 0x74, 0x68, 0x75, 0x73, 0x20, 0x69, 0x74, 0x20, 0x69, 0x73, 0x20, 0x6e, 0x65, 0x63, 0x65,
    0x73, 0x73, 0x61, 0x72, 0x79, 0x20, 0x74, 0x6f, 0x20, 0x6d, 0x61, 0x6e, 0x75, 0x61, 0x6c, 0x6c,
    0x79, 0x20, 0x74, 0x72, 0x75, 0x73, 0x74, 0x20, 0x69, 0x74, 0x2e, 0x0a, 0x49, 0x74, 0x20, 0x63,
    0x61, 0x6e, 0x20, 0x62, 0x65, 0x20, 0x66, 0x6f, 0x75, 0x6e, 0x64, 0x20, 0x61, 0x74, 0x20, 0x5b,
    0x73, 0x65, 0x6e, 0x76, 0x65, 0x6e, 0x64, 0x43, 0x41, 0x2e, 0x63, 0x72, 0x74, 0x5d, 0x28, 0x68,
    0x74, 0x74, 0x70, 0x73, 0x3a, 0x2f, 0x2f, 0x67, 0x69, 0x74, 0x68, 0x75, 0x62, 0x2e, 0x63, 0x6f,
    0x6d, 0x2f, 0x73, 0x65, 0x6e, 0x76, 0x65, 0x6e, 0x64, 0x2f, 0x61, 0x70, 0x69, 0x2f, 0x62, 0x6c,
    0x6f, 0x62, 0x2f, 0x6d, 0x61, 0x69, 0x6e, 0x2f, 0x73, 0x65, 0x6e, 0x76, 0x65, 0x6e, 0x64, 0x43,
    0x41, 0x2e, 0x63, 0x72, 0x74, 0x29, 0x2c, 0x0a, 0x53, 0x48, 0x41, 0x2d, 0x32, 0x35, 0x36, 0x20,
    0x66, 0x69, 0x6e, 0x67, 0x65, 0x72, 0x70, 0x72, 0x69, 0x6e, 0x74, 0x20, 0x60, 0x43, 0x30, 0x3a,
    0x31, 0x38, 0x3a, 0x37, 0x30, 0x3a, 0x44, 0x43, 0x3a, 0x37, 0x31, 0x3a, 0x39, 0x34, 0x3a, 0x33,
    0x35, 0x3a, 0x31, 0x41, 0x3a, 0x35, 0x31, 0x3a, 0x42, 0x44, 0x3a, 0x38, 0x34, 0x3a, 0x37, 0x35,
    0x3a, 0x46, 0x46, 0x3a, 0x46, 0x45, 0x3a, 0x38, 0x30, 0x3a, 0x39, 0x31, 0x3a, 0x33, 0x31, 0x3a,
    0x34, 0x41, 0x3a, 0x39, 0x38, 0x3a, 0x45, 0x34, 0x3a, 0x43, 0x45, 0x3a, 0x44, 0x44, 0x3a, 0x38,
    0x38, 0x3a, 0x34, 0x33, 0x3a, 0x34, 0x33, 0x3a, 0x44, 0x46, 0x3a, 0x30, 0x45, 0x3a, 0x34, 0x41,
    0x3a, 0x32, 0x41, 0x3a, 0x45, 0x39, 0x3a, 0x41, 0x32, 0x3a, 0x35, 0x31, 0x60, 0x2e, 0x0a, 0x0a,
    0x41, 0x64, 0x64, 0x69, 0x74, 0x69, 0x6f, 0x6e, 0x61, 0x6c, 0x6c, 0x79, 0x2c, 0x20, 0x74, 0x68,
    0x65, 0x20, 0x74, 0x65, 0x72, 0x6d, 0x69, 0x6e, 0x61, 0x6c, 0x28, 0x73, 0x29, 0x20, 0x69, 0x6e,
    0x20, 0x71, 0x75, 0x65, 0x73, 0x74, 0x69, 0x6f, 0x6e, 0x20, 0x68, 0x61, 0x76, 0x65, 0x20, 0x74,
    0x6f, 0x20, 0x68, 0x61, 0x76, 0x65, 0x20, 0x61, 0x20, 0x76, 0x61, 0x6c, 0x69, 0x64, 0x20, 0x64,
    0x6e, 0x73, 0x20, 0x65, 0x6e, 0x74, 0x72, 0x79, 0x20, 0x62, 0x65, 0x6c, 0x6f, 0x77, 0x20, 0x74,
    0x68, 0x65, 0x20, 0x2e, 0x73, 0x65, 0x6e, 0x76, 0x65, 0x6e, 0x64, 0x2e, 0x6c, 0x6f, 0x63, 0x61,
    0x6c, 0x2e, 0x20, 0x64, 0x6f, 0x6d, 0x61, 0x69, 0x6e, 0x2e, 0x0a, 0x54, 0x68, 0x65, 0x20, 0x65,
    0x61, 0x73, 0x69, 0x65, 0x73, 0x74, 0x20, 0x77, 0x61, 0x79, 0x20, 0x74, 0x6f, 0x20, 0x61, 0x63,
    0x68, 0x69, 0x65, 0x76, 0x65, 0x20, 0x74, 0x68, 0x69, 0x73, 0x20, 0x69, 0x73, 0x20, 0x76, 0x69,
    0x61, 0x20, 0x65, 0x6e, 0x74, 0x72, 0x69, 0x65, 0x73, 0x20, 0x69, 0x6e, 0x20, 0x74, 0x68, 0x65,
    0x20, 0x68, 0x6f, 0x73, 0x74, 0x73, 0x20, 0x66, 0x69, 0x6c, 0x65, 0x20, 0x6f, 0x66, 0x20, 0x74,
    0x68, 0x65, 0x20, 0x4f, 0x53, 0x2e, 0x0a, 0x0a, 0x45, 0x78, 0x61, 0x6d, 0x70, 0x6c, 0x65, 0x3a,
    0x0a, 0x60, 0x60, 0x60, 0x0a, 0x31, 0x39, 0x32, 0x2e, 0x31, 0x36, 0x38, 0x2e, 0x30, 0x2e, 0x31,
    0x20, 0x20, 0x20, 0x20, 0x20, 0x74, 0x65, 0x72, 0x6d, 0x69, 0x6e, 0x61, 0x6c, 0x31, 0x2e, 0x73,
    0x65, 0x6e, 0x76, 0x65, 0x6e, 0x64, 0x2e, 0x6c, 0x6f, 0x63, 0x61, 0x6c, 0x0a, 0x60, 0x60, 0x60,
    0x0a, 0x0a, 0x23, 0x23, 0x23, 0x23, 0x23, 0x20, 0x41, 0x75, 0x74, 0x68, 0x65, 0x6e, 0x74, 0x69,
    0x63, 0x61, 0x74, 0x69, 0x6f, 0x6e, 0x0a, 0x49, 0x66, 0x20, 0x61, 0x6e, 0x20, 0x61, 0x75, 0x74,
    0x68, 0x65, 0x6e, 0x74, 0x69, 0x63, 0x61, 0x74, 0x69, 0x6f, 0x6e, 0x20, 0x74, 0x6f, 0x6b, 0x65,
    0x6e, 0x20, 0x69, 0x73, 0x20, 0x63, 0x6f, 0x6e, 0x66, 0x69, 0x67, 0x75, 0x72, 0x65, 0x64, 0x2c,
    0x20, 0x69, 0x74, 0x20, 0x68, 0x61, 0x73, 0x20, 0x74, 0x6f, 0x20, 0x62, 0x65, 0x20, 0x73, 0x65,
    0x6e, 0x74, 0x20, 0x61, 0x73, 0x20, 0x61, 0x20, 0x67, 0x52, 0x50, 0x43, 0x20, 0x6d, 0x65, 0x74,
    0x61, 0x64, 0x61, 0x74, 0x61, 0x20, 0x68, 0x65, 0x61, 0x64, 0x65, 0x72, 0x20, 0x77, 0x69, 0x74,
    0x68, 0x20, 0x74, 0x68, 0x65, 0x20, 0x6e, 0x61, 0x6d, 0x65, 0x20, 0x60, 0x61, 0x75, 0x74, 0x68,
    0x5f, 0x74, 0x6f, 0x6b, 0x65, 0x6e, 0x60, 0x2e, 0x0a, 0x0a, 0x46, 0x6f, 0x72, 0x20, 0x65, 0x78,
    0x61, 0x6d, 0x70, 0x6c, 0x65, 0x2c, 0x20, 0x77, 0x69, 0x74, 0x68, 0x20, 0x62, 0x75, 0x66, 0x20,
    0x63, 0x75, 0x72, 0x6c, 0x20, 0x74, 0x68, 0x65, 0x20, 0x6e, 0x65, 0x63, 0x65, 0x73, 0x73, 0x61,
    0x72, 0x79, 0x20, 0x70, 0x61, 0x72, 0x61, 0x6d, 0x65, 0x74, 0x65, 0x72, 0x20, 0x69, 0x73, 0x20,
    0x60, 0x2d, 0x2d, 0x68, 0x65, 0x61, 0x64, 0x65, 0x72, 0x20, 0x22, 0x61, 0x75, 0x74, 0x68, 0x5f,
    0x74, 0x6f, 0x6b, 0x65, 0x6e, 0x3a, 0x74, 0x68, 0x65, 0x74, 0x6f, 0x6b, 0x65, 0x6e, 0x22, 0x60,
    0x2e, 0x0a, 0x0a, 0x23, 0x23, 0x23, 0x23, 0x23, 0x20, 0x4d, 0x75, 0x6c, 0x74, 0x69, 0x70, 0x6c,
    0x65, 0x20, 0x63, 0x6f, 0x6e, 0x6e, 0x65, 0x63, 0x74, 0x69, 0x6f, 0x6e, 0x73, 0x0a, 0x0a, 0x45,
    0x61, 0x63, 0x68, 0x20, 0x65, 0x6e, 0x64, 0x70, 0x6f, 0x69, 0x6e, 0x74, 0x20, 0x63, 0x61, 0x6e,
    0x20, 0x61, 0x63, 0x63, 0x6f, 0x6d, 0x6d, 0x6f, 0x64, 0x61, 0x74, 0x65, 0x20, 0x6d, 0x75, 0x6c,
    0x74, 0x69, 0x70, 0x6c, 0x65, 0x20, 0x63, 0x6f, 0x6e, 0x63, 0x75, 0x72, 0x72, 0x65, 0x6e, 0x74,
    0x20, 0x63, 0x6f, 0x6e, 0x6e, 0x65, 0x63, 0x74, 0x69, 0x6f, 0x6e, 0x73, 0x20, 0x61, 0x74, 0x20,
    0x74, 0x68, 0x65, 0x20, 0x73, 0x61, 0x6d, 0x65, 0x20, 0x74, 0x69, 0x6d, 0x65, 0x2e, 0x0a, 0x54,
    0x68, 0x65, 0x20, 0x65, 0x78, 0x61, 0x63, 0x74, 0x20, 0x62, 0x65, 0x68, 0x61, 0x76, 0x69, 0x6f,
    0x72, 0x20, 0x66, 0x6f, 0x72, 0x20, 0x6d, 0x75, 0x6c, 0x74, 0x69, 0x70, 0x6c, 0x65, 0x20, 0x63,
    0x6f, 0x6e, 0x6e, 0x65, 0x63, 0x74, 0x69, 0x6f, 0x6e, 0x73, 0x20, 0x64, 0x65, 0x70, 0x65, 0x6e,
    0x64, 0x73, 0x20, 0x6f, 0x6e, 0x20, 0x74, 0x68, 0x65, 0x20, 0x65, 0x6e, 0x64, 0x70, 0x6f, 0x69,
    0x6e, 0x74, 0x20, 0x61, 0x6e, 0x64, 0x20, 0x69, 0x73, 0x20, 0x64, 0x6f, 0x63, 0x75, 0x6d, 0x65,
    0x6e, 0x74, 0x65, 0x64, 0x20, 0x74, 0x68, 0x65, 0x72, 0x65, 0x2e, 0x0a, 0x0a, 0x54, 0x68, 0x65,
    0x72, 0x65, 0x20, 0x61, 0x72, 0x65, 0x20, 0x64, 0x69, 0x66, 0x66, 0x65, 0x72, 0x65, 0x6e, 0x74,
    0x20, 0x6b, 0x69, 0x6e, 0x64, 0x73, 0x20, 0x6f, 0x66, 0x20, 0x67, 0x52, 0x50, 0x43, 0x20, 0x65,
    0x6e, 0x64, 0x70, 0x6f, 0x69, 0x6e, 0x74, 0x73, 0x2c, 0x20, 0x64, 0x65, 0x70, 0x65, 0x6e, 0x64,
    0x69, 0x6e, 0x67, 0x20, 0x6f, 0x6e, 0x20, 0x74, 0x68, 0x65, 0x20, 0x73, 0x74, 0x72, 0x65, 0x61,
    0x6d, 0x61, 0x62, 0x69, 0x6c, 0x69, 0x74, 0x79, 0x20, 0x6f, 0x66, 0x20, 0x74, 0x68, 0x65, 0x69,
    0x72, 0x20, 0x70, 0x61, 0x72, 0x61, 0x6d, 0x65, 0x74, 0x65, 0x72, 0x20, 0x61, 0x6e, 0x64, 0x20,
    0x72, 0x65, 0x73, 0x70, 0x6f, 0x6e, 0x73, 0x65, 0x73, 0x3a, 0x0a, 0x0a, 0x23, 0x23, 0x23, 0x23,
    0x23, 0x23, 0x20, 0x55, 0x6e, 0x61, 0x72, 0x79, 0x20, 0x52, 0x50, 0x43, 0x0a, 0x0a, 0x41, 0x6e,
    0x20, 0x52, 0x50, 0x43, 0x20, 0x65, 0x6e, 0x64, 0x70, 0x6f, 0x69, 0x6e, 0x74, 0x20, 0x69, 0x73,
    0x20, 0x75, 0x6e, 0x61, 0x72, 0x79, 0x20, 0x69, 0x66, 0x20, 0x74, 0x68, 0x65, 0x20, 0x63, 0x6c,
    0x69, 0x65, 0x6e, 0x74, 0x20, 0x73, 0x65, 0x6e, 0x64, 0x73, 0x20, 0x65, 0x78, 0x61, 0x63, 0x74,
    0x6c, 0x79, 0x20, 0x6f, 0x6e, 0x65, 0x20, 0x72, 0x65, 0x71, 0x75, 0x65, 0x73, 0x74, 0x20, 0x61,
    0x6e, 0x64, 0x20, 0x74, 0x68, 0x65, 0x20, 0x73, 0x65, 0x72, 0x76, 0x65, 0x72, 0x20, 0x73, 0x65,
    0x6e, 0x64, 0x73, 0x20, 0x65, 0x78, 0x61, 0x63, 0x74, 0x6c, 0x79, 0x20, 0x6f, 0x6e, 0x65, 0x20,
    0x72, 0x65, 0x73, 0x70, 0x6f, 0x6e, 0x73, 0x65, 0x2e, 0x0a, 0x54, 0x68, 0x65, 0x73, 0x65, 0x20,
    0x65, 0x6e, 0x64, 0x70, 0x6f, 0x69, 0x6e, 0x74, 0x73, 0x20, 0x62, 0x65, 0x68, 0x61, 0x76, 0x65,
    0x20, 0x6a, 0x75, 0x73, 0x74, 0x20, 0x6c, 0x69, 0x6b, 0x65, 0x20, 0x61, 0x20, 0x6e, 0x6f, 0x72,
    0x6d, 0x61, 0x6c, 0x20, 0x66, 0x75, 0x6e, 0x63, 0x74, 0x69, 0x6f, 0x6e, 0x20, 0x63, 0x61, 0x6c,
    0x6c, 0x2e, 0x0a, 0x0a, 0x23, 0x23, 0x23, 0x23, 0x23, 0x23, 0x20, 0x42, 0x69, 0x64, 0x69, 0x72,
    0x65, 0x63, 0x74, 0x69, 0x6f, 0x6e, 0x61, 0x6c, 0x20, 0x73, 0x74, 0x72, 0x65, 0x61, 0x6d, 0x69,
    0x6e, 0x67, 0x20, 0x52, 0x50, 0x43, 0x0a, 0x0a, 0x41, 0x6e, 0x20, 0x52, 0x50, 0x43, 0x20, 0x65,
    0x6e, 0x64, 0x70, 0x6f, 0x69, 0x6e, 0x74, 0x20, 0x69, 0x73, 0x20, 0x62, 0x69, 0x64, 0x69, 0x72,
    0x65, 0x63, 0x74, 0x69, 0x6f, 0x6e, 0x61, 0x6c, 0x20, 0x73, 0x74, 0x72, 0x65, 0x61, 0x6d, 0x69,
    0x6e, 0x67, 0x20, 0x69, 0x66, 0x20, 0x62, 0x6f, 0x74, 0x68, 0x20, 0x74, 0x68, 0x65, 0x20, 0x63,
    0x6c, 0x69, 0x65, 0x6e, 0x74, 0x20, 0x61, 0x6e, 0x64, 0x20, 0x74, 0x68, 0x65, 0x20, 0x73, 0x65,
    0x72, 0x76, 0x65, 0x72, 0x20, 0x73, 0x65, 0x6e, 0x64, 0x20, 0x61, 0x20, 0x73, 0x65, 0x71, 0x75,
    0x65, 0x6e, 0x63, 0x65, 0x20, 0x6f, 0x66, 0x20, 0x6d, 0x65, 0x73, 0x73, 0x61, 0x67, 0x65, 0x73,
    0x20, 0x70, 0x65, 0x72, 0x20, 0x63, 0x61, 0x6c, 0x6c, 0x2e, 0x0a, 0x42, 0x6f, 0x74, 0x68, 0x20,
    0x73, 0x74, 0x72, 0x65, 0x61, 0x6d, 0x73, 0x20, 0x61, 0x72, 0x65, 0x20, 0x69, 0x6e, 0x64, 0x65,
    0x70, 0x65, 0x6e, 0x64, 0x65, 0x6e, 0x74, 0x20, 0x6f, 0x66, 0x20, 0x65, 0x61, 0x63, 0x68, 0x20,
    0x6f, 0x74, 0x68, 0x65, 0x72, 0x20, 0x61, 0x6e, 0x64, 0x20, 0x63, 0x61, 0x6e, 0x20, 0x73, 0x65,
    0x6e, 0x64, 0x20, 0x6d, 0x65, 0x73, 0x73, 0x61, 0x67, 0x65, 0x73, 0x20, 0x69, 0x6e, 0x20, 0x61,
    0x6e, 0x79, 0x20, 0x6f, 0x72, 0x64, 0x65, 0x72, 0x20, 0x74, 0x68, 0x65, 0x79, 0x20, 0x6c, 0x69,
    0x6b, 0x65, 0x2e, 0x5c, 0x0a, 0x54, 0x68, 0x65, 0x20, 0x65, 0x78, 0x61, 0x63, 0x74, 0x20, 0x73,
    0x65, 0x6d, 0x61, 0x6e, 0x74, 0x69, 0x63, 0x73, 0x20, 0x6f, 0x66, 0x20, 0x77, 0x68, 0x65, 0x6e,
    0x20, 0x6d, 0x65, 0x73, 0x73, 0x61, 0x67, 0x65, 0x73, 0x20, 0x61, 0x72, 0x65, 0x20, 0x73, 0x65,
    0x6e, 0x74, 0x20, 0x61, 0x6e, 0x64, 0x20, 0x77, 0x68, 0x61, 0x74, 0x20, 0x6b, 0x69, 0x6e, 0x64,
    0x20, 0x6f, 0x66, 0x20, 0x65, 0x72, 0x72, 0x6f, 0x72, 0x73, 0x20, 0x61, 0x72, 0x65, 0x20, 0x67,
    0x65, 0x6e, 0x65, 0x72, 0x61, 0x74, 0x65, 0x64, 0x20, 0x64, 0x65, 0x70, 0x65, 0x6e, 0x64, 0x20,
    0x6f, 0x6e, 0x20, 0x74, 0x68, 0x65, 0x20, 0x73, 0x65, 0x72, 0x76, 0x69, 0x63, 0x65, 0x20, 0x69,
    0x74, 0x73, 0x65, 0x6c, 0x66, 0x2e, 0x0a, 0x0a, 0x45, 0x61, 0x63, 0x68, 0x20, 0x65, 0x6e, 0x64,
    0x70, 0x6f, 0x69, 0x6e, 0x74, 0x20, 0x63, 0x61, 0x6e, 0x20, 0x61, 0x63, 0x63, 0x6f, 0x6d, 0x6d,
    0x6f, 0x64, 0x61, 0x74, 0x65, 0x20, 0x6d, 0x75, 0x6c, 0x74, 0x69, 0x70, 0x6c, 0x65, 0x20, 0x63,
    0x6f, 0x6e, 0x63, 0x75, 0x72, 0x72, 0x65, 0x6e, 0x74, 0x20, 0x63, 0x6f, 0x6e, 0x6e, 0x65, 0x63,
    0x74, 0x69, 0x6f, 0x6e, 0x73, 0x20, 0x61, 0x74, 0x20, 0x74, 0x68, 0x65, 0x20, 0x73, 0x61, 0x6d,
    0x65, 0x20, 0x74, 0x69, 0x6d, 0x65, 0x2e, 0x5c, 0x0a, 0x41, 0x70, 0x69, 0x53, 0x75, 0x63, 0x63,
    0x65, 0x73, 0x73, 0x20, 0x61, 0x6e, 0x64, 0x20, 0x41, 0x70, 0x69, 0x46, 0x61, 0x69, 0x6c, 0x75,
    0x72, 0x65, 0x20, 0x6d, 0x65, 0x73, 0x73, 0x61, 0x67, 0x65, 0x73, 0x20, 0x61, 0x72, 0x65, 0x20,
    0x73, 0x65, 0x6e, 0x74, 0x20, 0x74, 0x6f, 0x20, 0x74, 0x68, 0x65, 0x20, 0x63, 0x6f, 0x6e, 0x6e,
    0x65, 0x63, 0x74, 0x69, 0x6f, 0x6e, 0x20, 0x6f, 0x6e, 0x20, 0x77, 0x68, 0x69, 0x63, 0x68, 0x20,
    0x74, 0x68, 0x65, 0x20, 0x63, 0x6f, 0x6d, 0x6d, 0x61, 0x6e, 0x64, 0x20, 0x77, 0x61, 0x73, 0x20,
    0x69, 0x73, 0x73, 0x75, 0x65, 0x64, 0x2c, 0x0a, 0x61, 0x6c, 0x6c, 0x20, 0x6f, 0x74, 0x68, 0x65,
    0x72, 0x20, 0x6d, 0x65, 0x73, 0x73, 0x61, 0x67, 0x65, 0x73, 0x20, 0x61, 0x72, 0x65, 0x20, 0x73,
    0x65, 0x6e, 0x74, 0x20, 0x74, 0x6f, 0x20, 0x61, 0x6c, 0x6c, 0x20, 0x63, 0x6f, 0x6e, 0x6e, 0x65,
    0x63, 0x74, 0x65, 0x64, 0x20, 0x63, 0x6c, 0x69, 0x65, 0x6e, 0x74, 0x73, 0x2e, 0x0a, 0x0a, 0x49,
    0x74, 0x20, 0x69, 0x73, 0x20, 0x6e, 0x6f, 0x74, 0x20, 0x73, 0x74, 0x72, 0x69, 0x63, 0x74, 0x6c,
    0x79, 0x20, 0x6e, 0x65, 0x63, 0x65, 0x73, 0x73, 0x61, 0x72, 0x79, 0x20, 0x74, 0x6f, 0x20, 0x63,
    0x6c, 0x6f, 0x73, 0x65, 0x20, 0x61, 0x20, 0x63, 0x6f, 0x6e, 0x6e, 0x65, 0x63, 0x74, 0x69, 0x6f,
    0x6e, 0x20, 0x61, 0x66, 0x74, 0x65, 0x72, 0x20, 0x61, 0x20, 0x70, 0x72, 0x6f, 0x63, 0x65, 0x73,
    0x73, 0x2c, 0x20, 0x62, 0x75, 0x74, 0x20, 0x73, 0x74, 0x72, 0x6f, 0x6e, 0x67, 0x6c, 0x79, 0x20,
    0x72, 0x65, 0x63, 0x6f, 0x6d, 0x6d, 0x65, 0x6e, 0x64, 0x65, 0x64, 0x2e, 0x5c, 0x0a, 0x54, 0x68,
    0x65, 0x20, 0x73, 0x65, 0x72, 0x76, 0x65, 0x72, 0x20, 0x73, 0x69, 0x64, 0x65, 0x20, 0x77, 0x69,
    0x6c, 0x6c, 0x20, 0x6e, 0x65, 0x76, 0x65, 0x72, 0x20, 0x63, 0x6c, 0x6f, 0x73, 0x65, 0x20, 0x61,
    0x20, 0x63, 0x6f, 0x6e, 0x6e, 0x65, 0x63, 0x74, 0x69, 0x6f, 0x6e, 0x20, 0x6f, 0x6e, 0x20, 0x69,
    0x74, 0x73, 0x20, 0x6f, 0x77, 0x6e, 0x3a, 0x0a, 0x54, 0x68, 0x65, 0x20, 0x63, 0x6c, 0x69, 0x65,
    0x6e, 0x74, 0x20, 0x65, 0x69, 0x74, 0x68, 0x65, 0x72, 0x20, 0x70, 0x72, 0x6f, 0x76, 0x69, 0x64,
    0x65, 0x73, 0x20, 0x61, 0x20, 0x64, 0x65, 0x61, 0x64, 0x6c, 0x69, 0x6e, 0x65, 0x20, 0x28, 0x61,
    0x2e, 0x6b, 0x2e, 0x61, 0x2e, 0x20, 0x74, 0x69, 0x6d, 0x65, 0x6f, 0x75, 0x74, 0x29, 0x20, 0x77,
    0x68, 0x69, 0x63, 0x68, 0x20, 0x74, 0x68, 0x65, 0x20, 0x73, 0x65, 0x72, 0x76, 0x65, 0x72, 0x20,
    0x65, 0x6e, 0x66, 0x6f, 0x72, 0x63, 0x65, 0x73, 0x2c, 0x0a, 0x6f, 0x72, 0x20, 0x63, 0x61, 0x6e,
    0x20, 0x63, 0x6c, 0x6f, 0x73, 0x65, 0x20, 0x74, 0x68, 0x65, 0x20, 0x63, 0x6f, 0x6e, 0x6e, 0x65,
    0x63, 0x74, 0x69, 0x6f, 0x6e, 0x20, 0x61, 0x74, 0x20, 0x68, 0x69, 0x73, 0x20, 0x6f, 0x77, 0x6e,
    0x20, 0x6c, 0x65, 0x69, 0x73, 0x75, 0x72, 0x65, 0x2e, 0x0a, 0x3c, 0x2f, 0x64, 0x65, 0x74, 0x61,
    0x69, 0x6c, 0x73, 0x3e, 0x0a, 0x0a, 0x3c, 0x64, 0x65, 0x74, 0x61, 0x69, 0x6c, 0x73, 0x3e, 0x0a,
    0x3c, 0x73, 0x75, 0x6d, 0x6d, 0x61, 0x72, 0x79, 0x3e, 0x45, 0x78, 0x61, 0x6d, 0x70, 0x6c, 0x65,
    0x73, 0x3c, 0x2f, 0x73, 0x75, 0x6d, 0x6d, 0x61, 0x72, 0x79, 0x3e, 0x0a, 0x0a, 0x54, 0x68, 0x65,
    0x20, 0x69, 0x6e, 0x64, 0x69, 0x76, 0x69, 0x64, 0x75, 0x61, 0x6c, 0x20, 0x73, 0x65, 0x72, 0x76,
    0x69, 0x63, 0x65, 0x20, 0x64, 0x6f, 0x63, 0x75, 0x6d, 0x65, 0x6e, 0x74, 0x61, 0x74, 0x69, 0x6f,
    0x6e, 0x20, 0x63, 0x6f, 0x6e, 0x74, 0x61, 0x69, 0x6e, 0x73, 0x20, 0x65, 0x78, 0x61, 0x6d, 0x70,
    0x6c, 0x65, 0x73, 0x20, 0x64, 0x65, 0x6d, 0x6f, 0x6e, 0x73, 0x74, 0x72, 0x61, 0x74, 0x69, 0x6e,
    0x67, 0x20, 0x74, 0x68, 0x65, 0x20, 0x6d, 0x65, 0x73, 0x73, 0x61, 0x67, 0x65, 0x20, 0x66, 0x6c,
    0x6f, 0x77, 0x20, 0x66, 0x6f, 0x72, 0x20, 0x74, 0x68, 0x61, 0x74, 0x20, 0x70, 0x61, 0x72, 0x74,
    0x69, 0x63, 0x75, 0x6c, 0x61, 0x72, 0x20, 0x73, 0x65, 0x72, 0x76, 0x69, 0x63, 0x65, 0x2e, 0x5c,
    0x0a, 0x54, 0x68, 0x65, 0x73, 0x65, 0x20, 0x61, 0x72, 0x65, 0x20, 0x61, 0x6c, 0x6c, 0x20, 0x62,
    0x61, 0x73, 0x65, 0x64, 0x20, 0x6f, 0x6e, 0x20, 0x74, 0x68, 0x65, 0x20, 0x66, 0x6f, 0x6c, 0x6c,
    0x6f, 0x77, 0x69, 0x6e, 0x67, 0x20, 0x74, 0x6f, 0x6f, 0x6c, 0x73, 0x20, 0x61, 0x6e, 0x64, 0x20,
    0x70, 0x72, 0x69, 0x6e, 0x63, 0x69, 0x70, 0x6c, 0x65, 0x73, 0x2e, 0x0a, 0x0a, 0x23, 0x23, 0x23,
    0x23, 0x23, 0x23, 0x20, 0x62, 0x75, 0x66, 0x2e, 0x62, 0x75, 0x69, 0x6c, 0x64, 0x20, 0x74, 0x65,
    0x73, 0x74, 0x20, 0x74, 0x6f, 0x6f, 0x6c, 0x73, 0x0a, 0x0a, 0x5b, 0x62, 0x75, 0x66, 0x2e, 0x62,
    0x75, 0x69, 0x6c, 0x64, 0x5d, 0x28, 0x68, 0x74, 0x74, 0x70, 0x73, 0x3a, 0x2f, 0x2f, 0x62, 0x75,
    0x66, 0x2e, 0x62, 0x75, 0x69, 0x6c, 0x64, 0x2f, 0x29, 0x20, 0x6f, 0x66, 0x66, 0x65, 0x72, 0x73,
    0x20, 0x61, 0x20, 0x63, 0x6f, 0x6d, 0x6d, 0x61, 0x6e, 0x64, 0x6c, 0x69, 0x6e, 0x65, 0x20, 0x70,
    0x72, 0x6f, 0x67, 0x72, 0x61, 0x6d, 0x20, 0x66, 0x6f, 0x72, 0x20, 0x65, 0x61, 0x73, 0x79, 0x20,
    0x74, 0x65, 0x73, 0x74, 0x69, 0x6e, 0x67, 0x20, 0x6f, 0x66, 0x20, 0x73, 0x65, 0x72, 0x76, 0x69,
    0x63, 0x65, 0x20, 0x65, 0x6e, 0x64, 0x70, 0x6f, 0x69, 0x6e, 0x74, 0x73, 0x3a, 0x0a, 0x5b, 0x62,
    0x75, 0x66, 0x20, 0x63, 0x75, 0x72, 0x6c, 0x5d, 0x28, 0x68, 0x74, 0x74, 0x70, 0x73, 0x3a, 0x2f,
    0x2f, 0x62, 0x75, 0x66, 0x2e, 0x62, 0x75, 0x69, 0x6c, 0x64, 0x2f, 0x64, 0x6f, 0x63, 0x73, 0x2f,
    0x72, 0x65, 0x66, 0x65, 0x72, 0x65, 0x6e, 0x63, 0x65, 0x2f, 0x63, 0x6c, 0x69, 0x2f, 0x62, 0x75,
    0x66, 0x2f, 0x63, 0x75, 0x72, 0x6c, 0x2f, 0x29, 0x0a, 0x0a, 0x49, 0x74, 0x20, 0x61, 0x6c, 0x6c,
    0x6f, 0x77, 0x73, 0x20, 0x73, 0x65, 0x6e, 0x64, 0x69, 0x6e, 0x67, 0x20, 0x70, 0x72, 0x6f, 0x74,
    0x6f, 0x62, 0x75, 0x66, 0x20, 0x6d, 0x65, 0x73, 0x73, 0x61, 0x67, 0x65, 0x73, 0x20, 0x66, 0x72,
    0x6f, 0x6d, 0x20, 0x61, 0x20, 0x63, 0x6f, 0x6d, 0x6d, 0x61, 0x6e, 0x64, 0x6c, 0x69, 0x6e, 0x65,
    0x20, 0x76, 0x69, 0x61, 0x20, 0x4a, 0x53, 0x4f, 0x4e, 0x2e, 0x5c, 0x0a, 0x41, 0x6c, 0x6c, 0x20,
    0x65, 0x78, 0x61, 0x6d, 0x70, 0x6c, 0x65, 0x20, 0x77, 0x6f, 0x72, 0x6b, 0x66, 0x6c, 0x6f, 0x77,
    0x73, 0x20, 0x69, 0x6e, 0x20, 0x74, 0x68, 0x65, 0x20, 0x73, 0x65, 0x72, 0x76, 0x69, 0x63, 0x65,
    0x20, 0x64, 0x6f, 0x63, 0x75, 0x6d, 0x65, 0x6e, 0x74, 0x61, 0x74, 0x69, 0x6f, 0x6e, 0x20, 0x61,
    0x72, 0x65, 0x20, 0x67, 0x69, 0x76, 0x65, 0x6e, 0x20, 0x61, 0x73, 0x20, 0x22, 0x62, 0x75, 0x66,
    0x20, 0x63, 0x75, 0x72, 0x6c, 0x22, 0x20, 0x4a, 0x53, 0x4f, 0x4e, 0x20, 0x73, 0x74, 0x72, 0x69,
    0x6e, 0x67, 0x73, 0x2e, 0x0a, 0x0a, 0x54, 0x68, 0x65, 0x20, 0x66, 0x6f, 0x6c, 0x6c, 0x6f, 0x77,
    0x69, 0x6e, 0x67, 0x20, 0x60, 0x62, 0x75, 0x66, 0x20, 0x63, 0x75, 0x72, 0x6c, 0x60, 0x20, 0x65,
    0x78, 0x61, 0x6d, 0x70, 0x6c, 0x65, 0x20, 0x63, 0x6f, 0x6d, 0x6d, 0x61, 0x6e, 0x64, 0x20, 0x75,
    0x73, 0x65, 0x73, 0x20, 0x60, 0x2d, 0x2d, 0x64, 0x61, 0x74, 0x61, 0x20, 0x40, 0x2d, 0x60, 0x20,
    0x61, 0x73, 0x20, 0x61, 0x20, 0x70, 0x61, 0x72, 0x61, 0x6d, 0x65, 0x74, 0x65, 0x72, 0x2c, 0x0a,
    0x77, 0x68, 0x69, 0x63, 0x68, 0x20, 0x77, 0x69, 0x6c, 0x6c, 0x20, 0x6b, 0x65, 0x65, 0x70, 0x20,
    0x74, 0x68, 0x65, 0x20, 0x63, 0x6f, 0x6e, 0x6e, 0x65, 0x63, 0x74, 0x69, 0x6f, 0x6e, 0x20, 0x6f,
    0x70, 0x65, 0x6e, 0x20, 0x61, 0x6e, 0x64, 0x20, 0x61, 0x63, 0x63, 0x65, 0x70, 0x74, 0x73, 0x20,
    0x4a, 0x53, 0x4f, 0x4e, 0x20, 0x69, 0x6e, 0x70, 0x75, 0x74, 0x20, 0x76, 0x69, 0x61, 0x20, 0x60,
    0x73, 0x74, 0x64, 0x69, 0x6e, 0x60, 0x2e, 0x0a, 0x0a, 0x49, 0x6e, 0x76, 0x6f, 0x63, 0x61, 0x74,
    0x69, 0x6f, 0x6e, 0x20, 0x65, 0x78, 0x61, 0x6d, 0x70, 0x6c, 0x65, 0x20, 0x28, 0x63, 0x6f, 0x6e,
    0x6e, 0x65, 0x63, 0x74, 0x69, 0x6e, 0x67, 0x20, 0x74, 0x6f, 0x20, 0x74, 0x68, 0x65, 0x20, 0x74,
    0x65, 0x72, 0x6d, 0x69, 0x6e, 0x61, 0x6c, 0x20, 0x61, 0x74, 0x20, 0x31, 0x39, 0x32, 0x2e, 0x31,
    0x36, 0x38, 0x2e, 0x30, 0x2e, 0x31, 0x20, 0x75, 0x73, 0x69, 0x6e, 0x67, 0x20, 0x74, 0x68, 0x65,
    0x20, 0x50, 0x61, 0x79, 0x53, 0x65, 0x72, 0x76, 0x69, 0x63, 0x65, 0x2f, 0x50, 0x61, 0x79, 0x20,
    0x66, 0x75, 0x6e, 0x63, 0x74, 0x69, 0x6f, 0x6e, 0x29, 0x3a, 0x0a, 0x0a, 0x60, 0x60, 0x60, 0x0a,
    0x62, 0x75, 0x66, 0x20, 0x63, 0x75, 0x72, 0x6c, 0x20, 0x2d, 0x2d, 0x73, 0x63, 0x68, 0x65, 0x6d,
    0x61, 0x20, 0x62, 0x75, 0x66, 0x2e, 0x62, 0x75, 0x69, 0x6c, 0x64, 0x2f, 0x73, 0x65, 0x6e, 0x76,
    0x65, 0x6e, 0x64, 0x2f, 0x61, 0x70, 0x69, 0x20, 0x2d, 0x2d, 0x70, 0x72, 0x6f, 0x74, 0x6f, 0x63,
    0x6f, 0x6c, 0x20, 0x67, 0x72, 0x70, 0x63, 0x20, 0x2d, 0x2d, 0x68, 0x74, 0x74, 0x70, 0x32, 0x2d,
    0x70, 0x72, 0x69, 0x6f, 0x72, 0x2d, 0x6b, 0x6e, 0x6f, 0x77, 0x6c, 0x65, 0x64, 0x67, 0x65, 0x20,
    0x68, 0x74, 0x74, 0x70, 0x3a, 0x2f, 0x2f, 0x31, 0x39, 0x32, 0x2e, 0x31, 0x36, 0x38, 0x2e, 0x30,
    0x2e, 0x31, 0x3a, 0x31, 0x31, 0x31, 0x31, 0x31, 0x2f, 0x6c, 0x6f, 0x63, 0x61, 0x6c, 0x2e, 0x76,
    0x31, 0x2e, 0x50, 0x61, 0x79, 0x53, 0x65, 0x72, 0x76, 0x69, 0x63, 0x65, 0x2f, 0x50, 0x61, 0x79,
    0x20, 0x2d, 0x2d, 0x64, 0x61, 0x74, 0x61, 0x20, 0x40, 0x2d, 0x0a, 0x60, 0x60, 0x60, 0x0a, 0x0a,
    0x23, 0x23, 0x23, 0x23, 0x23, 0x23, 0x20, 0x45, 0x78, 0x61, 0x6d, 0x70, 0x6c, 0x65, 0x20, 0x66,
    0x6f, 0x72, 0x6d, 0x61, 0x74, 0x0a, 0x0a, 0x45, 0x61, 0x63, 0x68, 0x20, 0x73, 0x65, 0x72, 0x76,
    0x69, 0x63, 0x65, 0x20, 0x64, 0x6f, 0x63, 0x75, 0x6d, 0x65, 0x6e, 0x74, 0x61, 0x74, 0x69, 0x6f,
    0x6e, 0x20, 0x63, 0x6f, 0x6e, 0x74, 0x61, 0x69, 0x6e, 0x73, 0x20, 0x65, 0x78, 0x61, 0x6d, 0x70,
    0x6c, 0x65, 0x73, 0x20, 0x6f, 0x66, 0x20, 0x74, 0x79, 0x70, 0x69, 0x63, 0x61, 0x6c, 0x20, 0x6d,
    0x65, 0x73, 0x73, 0x61, 0x67, 0x65, 0x73, 0x20, 0x65, 0x78, 0x63, 0x68, 0x61, 0x6e, 0x67, 0x65,
    0x64, 0x20, 0x62, 0x65, 0x74, 0x77, 0x65, 0x65, 0x6e, 0x20, 0x63, 0x6c, 0x69, 0x65, 0x6e, 0x74,
    0x20, 0x61, 0x6e, 0x64, 0x20, 0x73, 0x65, 0x72, 0x76, 0x65, 0x72, 0x20, 0x64, 0x75, 0x72, 0x69,
    0x6e, 0x67, 0x20, 0x61, 0x20, 0x63, 0x61, 0x6c, 0x6c, 0x2e, 0x0a, 0x0a, 0x54, 0x68, 0x65, 0x20,
    0x66, 0x6f, 0x6c, 0x6c, 0x6f, 0x77, 0x69, 0x6e, 0x67, 0x20, 0x66, 0x6f, 0x72, 0x6d, 0x61, 0x74,
    0x20, 0x69, 0x73, 0x20, 0x75, 0x73, 0x65, 0x64, 0x20, 0x74, 0x6f, 0x20, 0x64, 0x69, 0x73, 0x74,
    0x69, 0x6e, 0x67, 0x75, 0x69, 0x73, 0x68, 0x20, 0x62, 0x65, 0x74, 0x77, 0x65, 0x65, 0x6e, 0x20,
    0x6d, 0x65, 0x73, 0x73, 0x61, 0x67, 0x65, 0x73, 0x20, 0x66, 0x72, 0x6f, 0x6d, 0x20, 0x63, 0x6c,
    0x69, 0x65, 0x6e, 0x74, 0x20, 0x6f, 0x72, 0x20, 0x73, 0x65, 0x72, 0x76, 0x65, 0x72, 0x2c, 0x20,
    0x61, 0x73, 0x20, 0x77, 0x65, 0x6c, 0x6c, 0x20, 0x61, 0x73, 0x20, 0x69, 0x6e, 0x74, 0x65, 0x72,
    0x61, 0x63, 0x74, 0x69, 0x6f, 0x6e, 0x73, 0x20, 0x64, 0x6f, 0x6e, 0x65, 0x20, 0x6f, 0x6e, 0x20,
    0x74, 0x68, 0x65, 0x20, 0x74, 0x65, 0x72, 0x6d, 0x69, 0x6e, 0x61, 0x6c, 0x20, 0x69, 0x74, 0x73,
    0x65, 0x6c, 0x66, 0x2e, 0x0a, 0x0a, 0x3e, 0x20, 0x2a, 0x2a, 0x2d, 0x3e, 0x2a, 0x2a, 0x20, 0x53,
    0x65, 0x6e, 0x74, 0x20, 0x76, 0x69, 0x61, 0x20, 0x60, 0x73, 0x74, 0x64, 0x69, 0x6e, 0x60, 0x20,
    0x74, 0x6f, 0x20, 0x74, 0x68, 0x65, 0x20, 0x72, 0x75, 0x6e, 0x6e, 0x69, 0x6e, 0x67, 0x20, 0x62,
    0x75, 0x66, 0x20, 0x63, 0x75, 0x72, 0x6c, 0x20, 0x63, 0x6f, 0x6d, 0x6d, 0x61, 0x6e, 0x64, 0x0a,
    0x0a, 0x3e, 0x20, 0x2a, 0x2a, 0x5c, 0x3c, 0x2d, 0x2a, 0x2a, 0x20, 0x52, 0x65, 0x63, 0x65, 0x69,
    0x76, 0x65, 0x64, 0x20, 0x66, 0x72, 0x6f, 0x6d, 0x20, 0x74, 0x68, 0x65, 0x20, 0x73, 0x65, 0x72,
    0x76, 0x65, 0x72, 0x20, 0x61, 0x6e, 0x64, 0x20, 0x70, 0x72, 0x69, 0x6e, 0x74, 0x65, 0x64, 0x20,
    0x74, 0x6f, 0x20, 0x60, 0x73, 0x74, 0x64, 0x6f, 0x75, 0x74, 0x60, 0x0a, 0x0a, 0x2d, 0x20, 0x2a,
    0x49, 0x6e, 0x74, 0x65, 0x72, 0x61, 0x63, 0x74, 0x69, 0x6f, 0x6e, 0x20, 0x64, 0x6f, 0x6e, 0x65,
    0x20, 0x6f, 0x6e, 0x20, 0x61, 0x63, 0x74, 0x75, 0x61, 0x6c, 0x20, 0x64, 0x65, 0x76, 0x69, 0x63,
    0x65, 0x2a, 0x0a, 0x3c, 0x2f, 0x64, 0x65, 0x74, 0x61, 0x69, 0x6c, 0x73, 0x3e, 0x0a, 0x0a, 0x09,
    0x0a, 0x02, 0x03, 0x00, 0x12, 0x03, 0x67, 0x00, 0x1a, 0x0a, 0x09, 0x0a, 0x02, 0x03, 0x01, 0x12,
    0x03, 0x68, 0x00, 0x1a, 0x0a, 0x09, 0x0a, 0x02, 0x03, 0x02, 0x12, 0x03, 0x69, 0x00, 0x1b, 0x0a,
    0x09, 0x0a, 0x02, 0x03, 0x03, 0x12, 0x03, 0x6a, 0x00, 0x1e, 0x0a, 0x8c, 0x02, 0x0a, 0x02, 0x06,
    0x00, 0x12, 0x05, 0x71, 0x00, 0x9d, 0x01, 0x01, 0x1a, 0xfe, 0x01, 0x0a, 0x54, 0x68, 0x69, 0x73,
    0x20, 0x73, 0x65, 0x72, 0x76, 0x69, 0x63, 0x65, 0x20, 0x70, 0x72, 0x6f, 0x76, 0x69, 0x64, 0x65,
    0x73, 0x20, 0x74, 0x68, 0x65, 0x20, 0x6e, 0x65, 0x63, 0x65, 0x73, 0x73, 0x61, 0x72, 0x79, 0x20,
    0x66, 0x75, 0x6e, 0x63, 0x74, 0x69, 0x6f, 0x6e, 0x61, 0x6c, 0x69, 0x74, 0x79, 0x20, 0x74, 0x6f,
    0x20, 0x68, 0x61, 0x6e, 0x64, 0x6c, 0x65, 0x20, 0x61, 0x67, 0x65, 0x20, 0x76, 0x65, 0x72, 0x69,
    0x66, 0x69, 0x63, 0x61, 0x74, 0x69, 0x6f, 0x6e, 0x20, 0x76, 0x69, 0x61, 0x20, 0x74, 0x68, 0x65,
    0x20, 0x53, 0x45, 0x4e, 0x56, 0x45, 0x4e, 0x44, 0x20, 0x54, 0x65, 0x72, 0x6d, 0x69, 0x6e, 0x61,
    0x6c, 0x2e, 0x5c, 0x0a, 0x4f, 0x6e, 0x6c, 0x79, 0x20, 0x6e, 0x65, 0x63, 0x65, 0x73, 0x73, 0x61,
    0x72, 0x79, 0x20, 0x69, 0x66, 0x20, 0x61, 0x67, 0x65, 0x20, 0x76, 0x65, 0x72, 0x69, 0x66, 0x69,
    0x63, 0x61, 0x74, 0x69, 0x6f, 0x6e, 0x20, 0x69, 0x73, 0x20, 0x74, 0x68, 0x65, 0x20, 0x73, 0x6f,
    0x6c, 0x65, 0x20, 0x70, 0x75, 0x72, 0x70, 0x6f, 0x73, 0x65, 0x2e, 0x5c, 0x0a, 0x54, 0x68, 0x65,
    0x20, 0x50, 0x61, 0x79, 0x53, 0x65, 0x72, 0x76, 0x69, 0x63, 0x65, 0x20, 0x63, 0x6f, 0x6e, 0x74,
    0x61, 0x69, 0x6e, 0x73, 0x20, 0x69, 0x74, 0x73, 0x20, 0x6f, 0x77, 0x6e, 0x20, 0x77, 0x61, 0x79,
    0x20, 0x6f, 0x66, 0x20, 0x73, 0x74, 0x61, 0x72, 0x74, 0x69, 0x6e, 0x67, 0x20, 0x61, 0x67, 0x65,
    0x20, 0x76, 0x65, 0x72, 0x69, 0x66, 0x69, 0x63, 0x61, 0x74, 0x69, 0x6f, 0x6e, 0x20, 0x62, 0x65,
    0x66, 0x6f, 0x72, 0x65, 0x20, 0x74, 0x68, 0x65, 0x20, 0x61, 0x63, 0x74, 0x75, 0x61, 0x6c, 0x20,
    0x70, 0x61, 0x79, 0x6d, 0x65, 0x6e, 0x74, 0x2e, 0x0a, 0x0a, 0x0a, 0x0a, 0x03, 0x06, 0x00, 0x01,
    0x12, 0x03, 0x71, 0x08, 0x1e, 0x0a, 0xd6, 0x0f, 0x0a, 0x04, 0x06, 0x00, 0x02, 0x00, 0x12, 0x04,
    0x9c, 0x01, 0x02, 0x48, 0x1a, 0xc7, 0x0f, 0x0a, 0x49, 0x6e, 0x69, 0x74, 0x69, 0x61, 0x74, 0x65,
    0x73, 0x20, 0x61, 0x6e, 0x20, 0x61, 0x67, 0x65, 0x20, 0x76, 0x65, 0x72, 0x69, 0x66, 0x69, 0x63,
    0x61, 0x74, 0x69, 0x6f, 0x6e, 0x20, 0x70, 0x72, 0x6f, 0x63, 0x65, 0x73, 0x73, 0x20, 0x6f, 0x6e,
    0x20, 0x74, 0x68, 0x65, 0x20, 0x53, 0x45, 0x4e, 0x56, 0x45, 0x4e, 0x44, 0x20, 0x54, 0x65, 0x72,
    0x6d, 0x69, 0x6e, 0x61, 0x6c, 0x2e, 0x5c, 0x0a, 0x41, 0x63, 0x63, 0x65, 0x70, 0x74, 0x73, 0x20,
    0x61, 0x20, 0x73, 0x74, 0x72, 0x65, 0x61, 0x6d, 0x20, 0x6f, 0x66, 0x20, 0x41, 0x67, 0x65, 0x52,
    0x65, 0x71, 0x75, 0x65, 0x73, 0x74, 0x20, 0x66, 0x6f, 0x72, 0x20, 0x73, 0x74, 0x61, 0x72, 0x74,
    0x69, 0x6e, 0x67, 0x20, 0x61, 0x6e, 0x64, 0x20, 0x63, 0x6f, 0x6e, 0x74, 0x72, 0x6f, 0x6c, 0x6c,
    0x69, 0x6e, 0x67, 0x20, 0x61, 0x67, 0x65, 0x20, 0x76, 0x65, 0x72, 0x69, 0x66, 0x69, 0x63, 0x61,
    0x74, 0x69, 0x6f, 0x6e, 0x2e, 0x5c, 0x0a, 0x52, 0x65, 0x74, 0x75, 0x72, 0x6e, 0x73, 0x20, 0x61,
    0x20, 0x73, 0x74, 0x72, 0x65, 0x61, 0x6d, 0x20, 0x6f, 0x66, 0x20, 0x41, 0x67, 0x65, 0x52, 0x65,
    0x73, 0x70, 0x6f, 0x6e, 0x73, 0x65, 0x20, 0x63, 0x6f, 0x6e, 0x74, 0x61, 0x69, 0x6e, 0x69, 0x6e,
    0x67, 0x20, 0x73, 0x74, 0x61, 0x74, 0x75, 0x73, 0x20, 0x61, 0x6e, 0x64, 0x20, 0x65, 0x72, 0x72,
    0x6f, 0x72, 0x20, 0x72, 0x65, 0x74, 0x75, 0x72, 0x6e, 0x20, 0x6d, 0x65, 0x73, 0x73, 0x61, 0x67,
    0x65, 0x73, 0x2e, 0x0a, 0x0a, 0x3c, 0x64, 0x65, 0x74, 0x61, 0x69, 0x6c, 0x73, 0x20, 0x6f, 0x70,
    0x65, 0x6e, 0x3e, 0x0a, 0x3c, 0x73, 0x75, 0x6d, 0x6d, 0x61, 0x72, 0x79, 0x3e, 0x41, 0x50, 0x49,
    0x20, 0x43, 0x6f, 0x6e, 0x73, 0x74, 0x72, 0x61, 0x69, 0x6e, 0x74, 0x73, 0x3c, 0x2f, 0x73, 0x75,
    0x6d, 0x6d, 0x61, 0x72, 0x79, 0x3e, 0x0a, 0x0a, 0x2d, 0x20, 0x52, 0x65, 0x71, 0x75, 0x65, 0x73,
    0x74, 0x20, 0x69, 0x64, 0x73, 0x20, 0x61, 0x72, 0x65, 0x20, 0x6f, 0x70, 0x74, 0x69, 0x6f, 0x6e,
    0x61, 0x6c, 0x2e, 0x5c, 0x0a, 0x49, 0x66, 0x20, 0x6e, 0x6f, 0x6e, 0x65, 0x20, 0x69, 0x73, 0x20,
    0x67, 0x69, 0x76, 0x65, 0x6e, 0x20, 0x61, 0x6e, 0x64, 0x20, 0x61, 0x20, 0x70, 0x72, 0x6f, 0x63,
    0x65, 0x73, 0x73, 0x20, 0x69, 0x73, 0x20, 0x72, 0x75, 0x6e, 0x6e, 0x69, 0x6e, 0x67, 0x2c, 0x20,
    0x74, 0x68, 0x65, 0x20, 0x72, 0x65, 0x71, 0x75, 0x65, 0x73, 0x74, 0x20, 0x69, 0x73, 0x20, 0x61,
    0x70, 0x70, 0x6c, 0x69, 0x65, 0x64, 0x20, 0x74, 0x6f, 0x20, 0x74, 0x68, 0x61, 0x74, 0x20, 0x72,
    0x75, 0x6e, 0x6e, 0x69, 0x6e, 0x67, 0x20, 0x70, 0x72, 0x6f, 0x63, 0x65, 0x73, 0x73, 0x2e, 0x5c,
    0x0a, 0x4f, 0x74, 0x68, 0x65, 0x72, 0x77, 0x69, 0x73, 0x65, 0x20, 0x61, 0x20, 0x6e, 0x65, 0x77,
    0x20, 0x55, 0x55, 0x49, 0x44, 0x20, 0x69, 0x73, 0x20, 0x67, 0x65, 0x6e, 0x65, 0x72, 0x61, 0x74,
    0x65, 0x64, 0x20, 0x70, 0x65, 0x72, 0x20, 0x72, 0x65, 0x71, 0x75, 0x65, 0x73, 0x74, 0x2e, 0x0a,
    0x0a, 0x2d, 0x20, 0x49, 0x66, 0x20, 0x72, 0x65, 0x71, 0x75, 0x65, 0x73, 0x74, 0x20, 0x69, 0x64,
    0x73, 0x20, 0x61, 0x72, 0x65, 0x20, 0x70, 0x72, 0x65, 0x2d, 0x67, 0x65, 0x6e, 0x65, 0x72, 0x61,
    0x74, 0x65, 0x64, 0x20, 0x61, 0x6e, 0x64, 0x20, 0x70, 0x61, 0x72, 0x74, 0x20, 0x6f, 0x66, 0x20,
    0x74, 0x68, 0x65, 0x20, 0x72, 0x65, 0x71, 0x75, 0x65, 0x73, 0x74, 0x2c, 0x20, 0x73, 0x75, 0x62,
    0x73, 0x65, 0x71, 0x75, 0x65, 0x6e, 0x74, 0x20, 0x72, 0x65, 0x71, 0x75, 0x65, 0x73, 0x74, 0x73,
    0x20, 0x6d, 0x65, 0x61, 0x6e, 0x74, 0x20, 0x66, 0x6f, 0x72, 0x20, 0x74, 0x68, 0x61, 0x74, 0x20,
    0x70, 0x72, 0x6f, 0x63, 0x65, 0x73, 0x73, 0x20, 0x68, 0x61, 0x76, 0x65, 0x20, 0x74, 0x6f, 0x20,
    0x75, 0x73, 0x65, 0x20, 0x74, 0x68, 0x65, 0x20, 0x73, 0x61, 0x6d, 0x65, 0x20, 0x69, 0x64, 0x2e,
    0x5c, 0x0a, 0x41, 0x6e, 0x20, 0x65, 0x6d, 0x70, 0x74, 0x79, 0x20, 0x69, 0x64, 0x20, 0x77, 0x69,
    0x6c, 0x6c, 0x20, 0x77, 0x6f, 0x72, 0x6b, 0x20, 0x61, 0x73, 0x20, 0x77, 0x65, 0x6c, 0x6c, 0x20,
    0x69, 0x66, 0x20, 0x74, 0x68, 0x65, 0x20, 0x6f, 0x72, 0x69, 0x67, 0x69, 0x6e, 0x61, 0x6c, 0x20,
    0x72, 0x65, 0x71, 0x75, 0x65, 0x73, 0x74, 0x20, 0x73, 0x74, 0x61, 0x72, 0x74, 0x65, 0x64, 0x20,
    0x74, 0x68, 0x65, 0x20, 0x63, 0x75, 0x72, 0x72, 0x65, 0x6e, 0x74, 0x6c, 0x79, 0x20, 0x72, 0x75,
    0x6e, 0x6e, 0x69, 0x6e, 0x67, 0x20, 0x70, 0x72, 0x6f, 0x63, 0x65, 0x73, 0x73, 0x2e, 0x0a, 0x0a,
    0x2d, 0x20, 0x41, 0x6c, 0x6c, 0x20, 0x67, 0x69, 0x76, 0x65, 0x6e, 0x20, 0x69, 0x64, 0x73, 0x20,
    0x6d, 0x75, 0x73, 0x74, 0x20, 0x62, 0x65, 0x20, 0x76, 0x61, 0x6c, 0x69, 0x64, 0x20, 0x76, 0x65,
    0x72, 0x73, 0x69, 0x6f, 0x6e, 0x20, 0x34, 0x20, 0x55, 0x55, 0x49, 0x44, 0x73, 0x2e, 0x0a, 0x0a,
    0x2d, 0x20, 0x49, 0x66, 0x20, 0x64, 0x69, 0x73, 0x63, 0x6f, 0x6e, 0x6e, 0x65, 0x63, 0x74, 0x65,
    0x64, 0x20, 0x64, 0x75, 0x72, 0x69, 0x6e, 0x67, 0x20, 0x61, 0x20, 0x76, 0x65, 0x72, 0x69, 0x66,
    0x69, 0x63, 0x61, 0x74, 0x69, 0x6f, 0x6e, 0x20, 0x70, 0x72, 0x6f, 0x63, 0x65, 0x73, 0x73, 0x2c,
    0x20, 0x61, 0x66, 0x74, 0x65, 0x72, 0x20, 0x61, 0x20, 0x72, 0x65, 0x63, 0x6f, 0x6e, 0x6e, 0x65,
    0x63, 0x74, 0x20, 0x74, 0x68, 0x65, 0x20, 0x63, 0x75, 0x72, 0x72, 0x65, 0x6e, 0x74, 0x6c, 0x79,
    0x20, 0x72, 0x75, 0x6e, 0x6e, 0x69, 0x6e, 0x67, 0x20, 0x70, 0x72, 0x6f, 0x63, 0x65, 0x73, 0x73,
    0x20, 0x63, 0x61, 0x6e, 0x20, 0x73, 0x74, 0x69, 0x6c, 0x6c, 0x20, 0x62, 0x65, 0x20, 0x63, 0x6f,
    0x6e, 0x74, 0x72, 0x6f, 0x6c, 0x6c, 0x65, 0x64, 0x2e, 0x5c, 0x0a, 0x41, 0x67, 0x65, 0x52, 0x65,
    0x73, 0x70, 0x6f, 0x6e, 0x73, 0x65, 0x73, 0x20, 0x74, 0x68, 0x61, 0x74, 0x20, 0x6f, 0x63, 0x63,
    0x75, 0x72, 0x72, 0x65, 0x64, 0x20, 0x64, 0x75, 0x72, 0x69, 0x6e, 0x67, 0x20, 0x74, 0x68, 0x65,
    0x20, 0x64, 0x69, 0x73, 0x63, 0x6f, 0x6e, 0x6e, 0x65, 0x63, 0x74, 0x20, 0x61, 0x72, 0x65, 0x20,
    0x6c, 0x6f, 0x73, 0x74, 0x20, 0x74, 0x68, 0x6f, 0x75, 0x67, 0x68, 0x2e, 0x0a, 0x0a, 0x2d, 0x20,
    0x49, 0x66, 0x20, 0x61, 0x75, 0x74, 0x6f, 0x5f, 0x63, 0x61, 0x6e, 0x63, 0x65, 0x6c, 0x20, 0x69,
    0x73, 0x20, 0x6c, 0x65, 0x66, 0x74, 0x20, 0x6f, 0x75, 0x74, 0x20, 0x6f, 0x72, 0x20, 0x73, 0x65,
    0x74, 0x20, 0x74, 0x6f, 0x20, 0x74, 0x72, 0x75, 0x65, 0x2c, 0x20, 0x61, 0x20, 0x6e, 0x65, 0x77,
    0x20, 0x41, 0x67, 0x65, 0x52, 0x65, 0x71, 0x75, 0x65, 0x73, 0x74, 0x20, 0x77, 0x69, 0x74, 0x68,
    0x20, 0x61, 0x20, 0x64, 0x69, 0x66, 0x66, 0x65, 0x72, 0x65, 0x6e, 0x74, 0x20, 0x55, 0x55, 0x49,
    0x44, 0x20, 0x6f, 0x72, 0x20, 0x77, 0x69, 0x74, 0x68, 0x6f, 0x75, 0x74, 0x20, 0x6f, 0x6e, 0x65,
    0x20, 0x77, 0x69, 0x6c, 0x6c, 0x20, 0x61, 0x75, 0x74, 0x6f, 0x6d, 0x61, 0x74, 0x69, 0x63, 0x61,
    0x6c, 0x6c, 0x79, 0x20, 0x63, 0x61, 0x6e, 0x63, 0x65, 0x6c, 0x20, 0x61, 0x6e, 0x79, 0x20, 0x63,
    0x75, 0x72, 0x72, 0x65, 0x6e, 0x74, 0x6c, 0x79, 0x20, 0x72, 0x75, 0x6e, 0x6e, 0x69, 0x6e, 0x67,
    0x20, 0x70, 0x72, 0x6f, 0x63, 0x65, 0x73, 0x73, 0x20, 0x6f, 0x6e, 0x20, 0x74, 0x68, 0x65, 0x20,
    0x74, 0x65, 0x72, 0x6d, 0x69, 0x6e, 0x61, 0x6c, 0x2e, 0x5c, 0x0a, 0x49, 0x66, 0x20, 0x67, 0x69,
    0x76, 0x65, 0x6e, 0x20, 0x62, 0x75, 0x74, 0x20, 0x66, 0x61, 0x6c, 0x73, 0x65, 0x2c, 0x20, 0x73,
    0x65, 0x6e, 0x64, 0x69, 0x6e, 0x67, 0x20, 0x61, 0x20, 0x6e, 0x65, 0x77, 0x20, 0x41, 0x67, 0x65,
    0x52, 0x65, 0x71, 0x75, 0x65, 0x73, 0x74, 0x20, 0x77, 0x68, 0x69, 0x6c, 0x65, 0x20, 0x61, 0x6e,
    0x6f, 0x74, 0x68, 0x65, 0x72, 0x20, 0x70, 0x72, 0x6f, 0x63, 0x65, 0x73, 0x73, 0x20, 0x69, 0x73,
    0x20, 0x73, 0x74, 0x69, 0x6c, 0x6c, 0x20, 0x72, 0x75, 0x6e, 0x6e, 0x69, 0x6e, 0x67, 0x20, 0x77,
    0x69, 0x6c, 0x6c, 0x20, 0x72, 0x65, 0x73, 0x75, 0x6c, 0x74, 0x20, 0x69, 0x6e, 0x20, 0x61, 0x6e,
    0x20, 0x41, 0x47, 0x45, 0x5f, 0x46, 0x41, 0x49, 0x4c, 0x55, 0x52, 0x45, 0x5f, 0x52, 0x45, 0x41,
    0x53, 0x4f, 0x4e, 0x5f, 0x56, 0x45, 0x52, 0x49, 0x46, 0x49, 0x43, 0x41, 0x54, 0x49, 0x4f, 0x4e,
    0x5f, 0x4f, 0x4e, 0x47, 0x4f, 0x49, 0x4e, 0x47, 0x20, 0x65, 0x72, 0x72, 0x6f, 0x72, 0x20, 0x6d,
    0x65, 0x73, 0x73, 0x61, 0x67, 0x65, 0x2e, 0x0a, 0x3c, 0x2f, 0x64, 0x65, 0x74, 0x61, 0x69, 0x6c,
    0x73, 0x3e, 0x0a, 0x0a, 0x3c, 0x64, 0x65, 0x74, 0x61, 0x69, 0x6c, 0x73, 0x20, 0x6f, 0x70, 0x65,
    0x6e, 0x3e, 0x0a, 0x3c, 0x73, 0x75, 0x6d, 0x6d, 0x61, 0x72, 0x79, 0x3e, 0x50, 0x72, 0x6f, 0x63,
    0x65, 0x73, 0x73, 0x20, 0x43, 0x6f, 0x6e, 0x73, 0x74, 0x72, 0x61, 0x69, 0x6e, 0x74, 0x73, 0x3c,
    0x2f, 0x73, 0x75, 0x6d, 0x6d, 0x61, 0x72, 0x79, 0x3e, 0x0a, 0x2d, 0x20, 0x54, 0x68, 0x65, 0x20,
    0x6d, 0x69, 0x6e, 0x69, 0x6d, 0x75, 0x6d, 0x20, 0x61, 0x67, 0x65, 0x20, 0x74, 0x6f, 0x20, 0x76,
    0x65, 0x72, 0x69, 0x66, 0x79, 0x20, 0x68, 0x61, 0x73, 0x20, 0x74, 0x6f, 0x20, 0x62, 0x65, 0x20,
    0x67, 0x72, 0x65, 0x61, 0x74, 0x65, 0x72, 0x20, 0x74, 0x68, 0x61, 0x6e, 0x20, 0x7a, 0x65, 0x72,
    0x6f, 0x20, 0x61, 0x6e, 0x64, 0x20, 0x61, 0x74, 0x20, 0x6d, 0x6f, 0x73, 0x74, 0x20, 0x31, 0x32,
    0x30, 0x2e, 0x5c, 0x0a, 0x44, 0x65, 0x70, 0x65, 0x6e, 0x64, 0x69, 0x6e, 0x67, 0x20, 0x6f, 0x6e,
    0x20, 0x74, 0x68, 0x65, 0x20, 0x6d, 0x65, 0x74, 0x68, 0x6f, 0x64, 0x20, 0x63, 0x68, 0x6f, 0x73,
    0x65, 0x6e, 0x2c, 0x20, 0x6f, 0x6e, 0x6c, 0x79, 0x20, 0x63, 0x65, 0x72, 0x74, 0x61, 0x69, 0x6e,
    0x20, 0x61, 0x67, 0x65, 0x73, 0x20, 0x63, 0x61, 0x6e, 0x20, 0x62, 0x65, 0x20, 0x76, 0x65, 0x72,
    0x69, 0x66, 0x69, 0x65, 0x64, 0x2e, 0x0a, 0x0a, 0x2d, 0x20, 0x47, 0x69, 0x72, 0x6f, 0x63, 0x61,
    0x72, 0x64, 0x3a, 0x20, 0x31, 0x36, 0x20, 0x6f, 0x72, 0x20, 0x31, 0x38, 0x2e, 0x20, 0x57, 0x69,
    0x6c, 0x6c, 0x20, 0x62, 0x65, 0x20, 0x73, 0x65, 0x74, 0x20, 0x74, 0x6f, 0x20, 0x74, 0x68, 0x65,
    0x20, 0x6e, 0x65, 0x78, 0x74, 0x20, 0x6f, 0x6e, 0x65, 0x20, 0x61, 0x62, 0x6f, 0x76, 0x65, 0x20,
    0x69, 0x66, 0x20, 0x62, 0x65, 0x6c, 0x6f, 0x77, 0x20, 0x28, 0x65, 0x2e, 0x67, 0x2e, 0x20, 0x74,
    0x6f, 0x20, 0x31, 0x38, 0x20, 0x69, 0x66, 0x20, 0x31, 0x37, 0x20, 0x69, 0x73, 0x20, 0x72, 0x65,
    0x71, 0x75, 0x65, 0x73, 0x74, 0x65, 0x64, 0x29, 0x2e, 0x5c, 0x0a, 0x57, 0x69, 0x6c, 0x6c, 0x20,
    0x6e, 0x6f, 0x74, 0x20, 0x62, 0x65, 0x20, 0x61, 0x76, 0x61, 0x69, 0x6c, 0x61, 0x62, 0x6c, 0x65,
    0x20, 0x66, 0x6f, 0x72, 0x20, 0x73, 0x65, 0x6c, 0x65, 0x63, 0x74, 0x69, 0x6f, 0x6e, 0x20, 0x69,
    0x66, 0x20, 0x61, 0x62, 0x6f, 0x76, 0x65, 0x20, 0x31, 0x38, 0x20, 0x69, 0x73, 0x20, 0x72, 0x65,
    0x71, 0x75, 0x65, 0x73, 0x74, 0x65, 0x64, 0x2e, 0x20, 0x57, 0x69, 0x6c, 0x6c, 0x20, 0x66, 0x61,
    0x69, 0x6c, 0x20, 0x69, 0x6e, 0x20, 0x6f, 0x6c, 0x64, 0x65, 0x72, 0x20, 0x61, 0x70, 0x70, 0x20,
    0x76, 0x65, 0x72, 0x73, 0x69, 0x6f, 0x6e, 0x73, 0x20, 0x28, 0x3c, 0x31, 0x2e, 0x37, 0x2e, 0x30,
    0x29, 0x20, 0x69, 0x6e, 0x73, 0x74, 0x65, 0x61, 0x64, 0x2e, 0x0a, 0x0a, 0x2d, 0x20, 0x46, 0x61,
    0x63, 0x65, 0x53, 0x63, 0x61, 0x6e, 0x3a, 0x20, 0x41, 0x6c, 0x6c, 0x20, 0x61, 0x67, 0x65, 0x73,
    0x20, 0x73, 0x75, 0x70, 0x70, 0x6f, 0x72, 0x74, 0x65, 0x64, 0x2e, 0x20, 0x4d, 0x69, 0x67, 0x68,
    0x74, 0x20, 0x66, 0x61, 0x69, 0x6c, 0x20, 0x69, 0x66, 0x20, 0x61, 0x63, 0x74, 0x75, 0x61, 0x6c,
    0x20, 0x61, 0x67, 0x65, 0x20, 0x69, 0x73, 0x20, 0x76, 0x65, 0x72, 0x79, 0x20, 0x63, 0x6c, 0x6f,
    0x73, 0x65, 0x20, 0x74, 0x6f, 0x20, 0x74, 0x68, 0x65, 0x20, 0x72, 0x65, 0x71, 0x75, 0x65, 0x73,
    0x74, 0x65, 0x64, 0x20, 0x6f, 0x6e, 0x65, 0x2e, 0x0a, 0x0a, 0x2d, 0x20, 0x44, 0x6f, 0x63, 0x75,
    0x6d, 0x65, 0x6e, 0x74, 0x20, 0x73, 0x63, 0x61, 0x6e, 0x3a, 0x20, 0x41, 0x6c, 0x6c, 0x20, 0x61,
    0x67, 0x65, 0x73, 0x20, 0x73, 0x75, 0x70, 0x70, 0x6f, 0x72, 0x74, 0x65, 0x64, 0x2e, 0x0a, 0x0a,
    0x2d, 0x20, 0x50, 0x61, 0x79, 0x50, 0x61, 0x6c, 0x3a, 0x20, 0x31, 0x38, 0x20, 0x6f, 0x6e, 0x6c,
    0x79, 0x2e, 0x20, 0x57, 0x69, 0x6c, 0x6c, 0x20, 0x62, 0x65, 0x20, 0x73, 0x65, 0x74, 0x20, 0x74,
    0x6f, 0x20, 0x31, 0x38, 0x20, 0x69, 0x66, 0x20, 0x62, 0x65, 0x6c, 0x6f, 0x77, 0x2e, 0x5c, 0x0a,
    0x57, 0x69, 0x6c, 0x6c, 0x20, 0x6e, 0x6f, 0x74, 0x20, 0x62, 0x65, 0x20, 0x61, 0x76, 0x61, 0x69,
    0x6c, 0x61, 0x62, 0x6c, 0x65, 0x20, 0x66, 0x6f, 0x72, 0x20, 0x73, 0x65, 0x6c, 0x65, 0x63, 0x74,
    0x69, 0x6f, 0x6e, 0x20, 0x69, 0x66, 0x20, 0x61, 0x62, 0x6f, 0x76, 0x65, 0x20, 0x31, 0x38, 0x20,
    0x69, 0x73, 0x20, 0x72, 0x65, 0x71, 0x75, 0x65, 0x73, 0x74, 0x65, 0x64, 0x2e, 0x20, 0x57, 0x69,
    0x6c, 0x6c, 0x20, 0x66, 0x61, 0x69, 0x6c, 0x20, 0x69, 0x6e, 0x20, 0x6f, 0x6c, 0x64, 0x65, 0x72,
    0x20, 0x61, 0x70, 0x70, 0x20, 0x76, 0x65, 0x72, 0x73, 0x69, 0x6f, 0x6e, 0x73, 0x20, 0x28, 0x3c,
    0x31, 0x2e, 0x37, 0x2e, 0x30, 0x29, 0x20, 0x69, 0x6e, 0x73, 0x74, 0x65, 0x61, 0x64, 0x2e, 0x0a,
    0x0a, 0x2d, 0x20, 0x49, 0x44, 0x20, 0x41, 0x75, 0x73, 0x74, 0x72, 0x69, 0x61, 0x3a, 0x20, 0x41,
    0x6c, 0x6c, 0x20, 0x61, 0x67, 0x65, 0x73, 0x20, 0x73, 0x75, 0x70, 0x70, 0x6f, 0x72, 0x74, 0x65,
    0x64, 0x2e, 0x0a, 0x3c, 0x2f, 0x64, 0x65, 0x74, 0x61, 0x69, 0x6c, 0x73, 0x3e, 0x0a, 0x0a, 0x0d,
    0x0a, 0x05, 0x06, 0x00, 0x02, 0x00, 0x01, 0x12, 0x04, 0x9c, 0x01, 0x06, 0x09, 0x0a, 0x0d, 0x0a,
    0x05, 0x06, 0x00, 0x02, 0x00, 0x05, 0x12, 0x04, 0x9c, 0x01, 0x0a, 0x10, 0x0a, 0x0d, 0x0a, 0x05,
    0x06, 0x00, 0x02, 0x00, 0x02, 0x12, 0x04, 0x9c, 0x01, 0x11, 0x22, 0x0a, 0x0d, 0x0a, 0x05, 0x06,
    0x00, 0x02, 0x00, 0x06, 0x12, 0x04, 0x9c, 0x01, 0x2d, 0x33, 0x0a, 0x0d, 0x0a, 0x05, 0x06, 0x00,
    0x02, 0x00, 0x03, 0x12, 0x04, 0x9c, 0x01, 0x34, 0x46, 0x0a, 0xb7, 0x02, 0x0a, 0x02, 0x06, 0x01,
    0x12, 0x06, 0xa4, 0x01, 0x00, 0xa4, 0x03, 0x01, 0x1a, 0xa8, 0x02, 0x0a, 0x54, 0x68, 0x69, 0x73,
    0x20, 0x73, 0x65, 0x72, 0x76, 0x69, 0x63, 0x65, 0x20, 0x70, 0x72, 0x6f, 0x76, 0x69, 0x64, 0x65,
    0x73, 0x20, 0x74, 0x68, 0x65, 0x20, 0x6e, 0x65, 0x63, 0x65, 0x73, 0x73, 0x61, 0x72, 0x79, 0x20,
    0x66, 0x75, 0x6e, 0x63, 0x74, 0x69, 0x6f, 0x6e, 0x61, 0x6c, 0x69, 0x74, 0x79, 0x20, 0x74, 0x6f,
    0x20, 0x68, 0x61, 0x6e, 0x64, 0x6c, 0x65, 0x20, 0x70, 0x61, 0x79, 0x6d, 0x65, 0x6e, 0x74, 0x73,
    0x20, 0x76, 0x69, 0x61, 0x20, 0x74, 0x68, 0x65, 0x20, 0x53, 0x45, 0x4e, 0x56, 0x45, 0x4e, 0x44,
    0x20, 0x54, 0x65, 0x72, 0x6d, 0x69, 0x6e, 0x61, 0x6c, 0x2e, 0x5c, 0x0a, 0x4f, 0x70, 0x74, 0x69,
    0x6f, 0x6e, 0x61, 0x6c, 0x6c, 0x79, 0x2c, 0x20, 0x61, 0x67, 0x65, 0x20, 0x76, 0x65, 0x72, 0x69,
    0x66, 0x69, 0x63, 0x61, 0x74, 0x69, 0x6f, 0x6e, 0x20, 0x63, 0x61, 0x6e, 0x20, 0x62, 0x65, 0x20,
    0x65, 0x6e, 0x66, 0x6f, 0x72, 0x63, 0x65, 0x64, 0x20, 0x62, 0x65, 0x66, 0x6f, 0x72, 0x65, 0x20,
    0x74, 0x68, 0x65, 0x20, 0x70, 0x61, 0x79, 0x6d, 0x65, 0x6e, 0x74, 0x20, 0x76, 0x69, 0x61, 0x20,
    0x74, 0x68, 0x65, 0x20, 0x60, 0x50, 0x61, 0x79, 0x53, 0x74, 0x61, 0x72, 0x74, 0x60, 0x20, 0x6d,
    0x65, 0x73, 0x73, 0x61, 0x67, 0x65, 0x2e, 0x5c, 0x0a, 0x4f, 0x70, 0x74, 0x69, 0x6f, 0x6e, 0x61,
    0x6c, 0x6c, 0x79, 0x2c, 0x20, 0x76, 0x65, 0x6e, 0x64, 0x69, 0x6e, 0x67, 0x20, 0x69, 0x73, 0x20,
    0x70, 0x6f, 0x73, 0x73, 0x69, 0x62, 0x6c, 0x65, 0x20, 0x61, 0x66, 0x74, 0x65, 0x72, 0x20, 0x50,
    0x61, 0x79, 0x41, 0x70, 0x70, 0x72, 0x6f, 0x76, 0x65, 0x64, 0x20, 0x69, 0x73, 0x20, 0x72, 0x65,
    0x63, 0x65, 0x69, 0x76, 0x65, 0x64, 0x2c, 0x20, 0x65, 0x69, 0x74, 0x68, 0x65, 0x72, 0x20, 0x76,
    0x69, 0x61, 0x20, 0x74, 0x68, 0x69, 0x73, 0x20, 0x6f, 0x72, 0x20, 0x76, 0x69, 0x61, 0x20, 0x74,
    0x68, 0x65, 0x20, 0x60, 0x56, 0x65, 0x6e, 0x64, 0x60, 0x20, 0x73, 0x65, 0x72, 0x76, 0x69, 0x63,
    0x65, 0x2e, 0x0a, 0x0a, 0x0b, 0x0a, 0x03, 0x06, 0x01, 0x01, 0x12, 0x04, 0xa4, 0x01, 0x08, 0x12,
    0x0a, 0xf8, 0x5f, 0x0a, 0x04, 0x06, 0x01, 0x02, 0x00, 0x12, 0x04, 0xa3, 0x03, 0x02, 0x48, 0x1a,
    0xe9, 0x5f, 0x0a, 0x49, 0x6e, 0x69, 0x74, 0x69, 0x61, 0x74, 0x65, 0x73, 0x20, 0x61, 0x20, 0x70,
    0x61, 0x79, 0x6d, 0x65, 0x6e, 0x74, 0x20, 0x70, 0x72, 0x6f, 0x63, 0x65, 0x73, 0x73, 0x20, 0x6f,
    0x6e, 0x20, 0x74, 0x68, 0x65, 0x20, 0x53, 0x45, 0x4e, 0x56, 0x45, 0x4e, 0x44, 0x20, 0x54, 0x65,
    0x72, 0x6d, 0x69, 0x6e, 0x61, 0x6c, 0x2e, 0x5c, 0x0a, 0x41, 0x63, 0x63, 0x65, 0x70, 0x74, 0x73,
    0x20, 0x61, 0x20, 0x73, 0x74, 0x72, 0x65, 0x61, 0x6d, 0x20, 0x6f, 0x66, 0x20, 0x50, 0x61, 0x79,
    0x52, 0x65, 0x71, 0x75, 0x65, 0x73, 0x74, 0x20, 0x66, 0x6f, 0x72, 0x20, 0x73, 0x74, 0x61, 0x72,
    0x74, 0x69, 0x6e, 0x67, 0x20, 0x61, 0x6e, 0x64, 0x20, 0x63, 0x6f, 0x6e, 0x74, 0x72, 0x6f, 0x6c,
    0x6c, 0x69, 0x6e, 0x67, 0x20, 0x70, 0x61, 0x79, 0x6d, 0x65, 0x6e, 0x74, 0x73, 0x2e, 0x5c, 0x0a,
    0x52, 0x65, 0x74, 0x75, 0x72, 0x6e, 0x73, 0x20, 0x61, 0x20, 0x73, 0x74, 0x72, 0x65, 0x61, 0x6d,
    0x20, 0x6f, 0x66, 0x20, 0x50, 0x61, 0x79, 0x52, 0x65, 0x73, 0x70, 0x6f, 0x6e, 0x73, 0x65, 0x20,
    0x63, 0x6f, 0x6e, 0x74, 0x61, 0x69, 0x6e, 0x69, 0x6e, 0x67, 0x20, 0x73, 0x74, 0x61, 0x74, 0x75,
    0x73, 0x20, 0x61, 0x6e, 0x64, 0x20, 0x65, 0x72, 0x72, 0x6f, 0x72, 0x20, 0x72, 0x65, 0x74, 0x75,
    0x72, 0x6e, 0x20, 0x6d, 0x65, 0x73, 0x73, 0x61, 0x67, 0x65, 0x73, 0x2e, 0x0a, 0x0a, 0x3c, 0x64,
    0x65, 0x74, 0x61, 0x69, 0x6c, 0x73, 0x20, 0x6f, 0x70, 0x65, 0x6e, 0x3e, 0x0a, 0x3c, 0x73, 0x75,
    0x6d, 0x6d, 0x61, 0x72, 0x79, 0x3e, 0x41, 0x50, 0x49, 0x20, 0x43, 0x6f, 0x6e, 0x73, 0x74, 0x72,
    0x61, 0x69, 0x6e, 0x74, 0x73, 0x3c, 0x2f, 0x73, 0x75, 0x6d, 0x6d, 0x61, 0x72, 0x79, 0x3e, 0x0a,
    0x0a, 0x2d, 0x20, 0x52, 0x65, 0x71, 0x75, 0x65, 0x73, 0x74, 0x20, 0x69, 0x64, 0x73, 0x20, 0x61,
    0x72, 0x65, 0x20, 0x6f, 0x70, 0x74, 0x69, 0x6f, 0x6e, 0x61, 0x6c, 0x2e, 0x5c, 0x0a, 0x49, 0x66,
    0x20, 0x6e, 0x6f, 0x6e, 0x65, 0x20, 0x69, 0x73, 0x20, 0x67, 0x69, 0x76, 0x65, 0x6e, 0x20, 0x61,
    0x6e, 0x64, 0x20, 0x61, 0x20, 0x70, 0x72, 0x6f, 0x63, 0x65, 0x73, 0x73, 0x20, 0x69, 0x73, 0x20,
    0x72, 0x75, 0x6e, 0x6e, 0x69, 0x6e, 0x67, 0x2c, 0x20, 0x74, 0x68, 0x65, 0x20, 0x72, 0x65, 0x71,
    0x75, 0x65, 0x73, 0x74, 0x20, 0x69, 0x73, 0x20, 0x61, 0x70, 0x70, 0x6c, 0x69, 0x65, 0x64, 0x20,
    0x74, 0x6f, 0x20, 0x74, 0x68, 0x61, 0x74, 0x20, 0x72, 0x75, 0x6e, 0x6e, 0x69, 0x6e, 0x67, 0x20,
    0x70, 0x72, 0x6f, 0x63, 0x65, 0x73, 0x73, 0x2e, 0x5c, 0x0a, 0x4f, 0x74, 0x68, 0x65, 0x72, 0x77,
    0x69, 0x73, 0x65, 0x20, 0x61, 0x20, 0x6e, 0x65, 0x77, 0x20, 0x55, 0x55, 0x49, 0x44, 0x20, 0x69,
    0x73, 0x20, 0x67, 0x65, 0x6e, 0x65, 0x72, 0x61, 0x74, 0x65, 0x64, 0x20, 0x70, 0x65, 0x72, 0x20,
    0x72, 0x65, 0x71, 0x75, 0x65, 0x73, 0x74, 0x2e, 0x0a, 0x0a, 0x2d, 0x20, 0x49, 0x66, 0x20, 0x72,
    0x65, 0x71, 0x75, 0x65, 0x73, 0x74, 0x20, 0x69, 0x64, 0x73, 0x20, 0x61, 0x72, 0x65, 0x20, 0x70,
    0x72, 0x65, 0x2d, 0x67, 0x65, 0x6e, 0x65, 0x72, 0x61, 0x74, 0x65, 0x64, 0x20, 0x61, 0x6e, 0x64,
    0x20, 0x70, 0x61, 0x72, 0x74, 0x20, 0x6f, 0x66, 0x20, 0x74, 0x68, 0x65, 0x20, 0x72, 0x65, 0x71,
    0x75, 0x65, 0x73, 0x74, 0x2c, 0x20, 0x73, 0x75, 0x62, 0x73, 0x65, 0x71, 0x75, 0x65, 0x6e, 0x74,
    0x20, 0x72, 0x65, 0x71, 0x75, 0x65, 0x73, 0x74, 0x73, 0x20, 0x6d, 0x65, 0x61, 0x6e, 0x74, 0x20,
    0x66, 0x6f, 0x72, 0x20, 0x74, 0x68, 0x61, 0x74, 0x20, 0x70, 0x72, 0x6f, 0x63, 0x65, 0x73, 0x73,
    0x20, 0x68, 0x61, 0x76, 0x65, 0x20, 0x74, 0x6f, 0x20, 0x75, 0x73, 0x65, 0x20, 0x74, 0x68, 0x65,
    0x20, 0x73, 0x61, 0x6d, 0x65, 0x20, 0x69, 0x64, 0x2e, 0x5c, 0x0a, 0x41, 0x6e, 0x20, 0x65, 0x6d,
    0x70, 0x74, 0x79, 0x20, 0x69, 0x64, 0x20, 0x77, 0x69, 0x6c, 0x6c, 0x20, 0x77, 0x6f, 0x72, 0x6b,
    0x20, 0x61, 0x73, 0x20, 0x77, 0x65, 0x6c, 0x6c, 0x20, 0x69, 0x66, 0x20, 0x74, 0x68, 0x65, 0x20,
    0x6f, 0x72, 0x69, 0x67, 0x69, 0x6e, 0x61, 0x6c, 0x20, 0x72, 0x65, 0x71, 0x75, 0x65, 0x73, 0x74,
    0x20, 0x73, 0x74, 0x61, 0x72, 0x74, 0x65, 0x64, 0x20, 0x74, 0x68, 0x65, 0x20, 0x63, 0x75, 0x72,
    0x72, 0x65, 0x6e, 0x74, 0x6c, 0x79, 0x20, 0x72, 0x75, 0x6e, 0x6e, 0x69, 0x6e, 0x67, 0x20, 0x70,
    0x72, 0x6f, 0x63, 0x65, 0x73, 0x73, 0x2e, 0x0a, 0x0a, 0x2d, 0x20, 0x41, 0x6c, 0x6c, 0x20, 0x67,
    0x69, 0x76, 0x65, 0x6e, 0x20, 0x69, 0x64, 0x73, 0x20, 0x6d, 0x75, 0x73, 0x74, 0x20, 0x62, 0x65,
    0x20, 0x76, 0x61, 0x6c, 0x69, 0x64, 0x20, 0x76, 0x65, 0x72, 0x73, 0x69, 0x6f, 0x6e, 0x20, 0x34,
    0x20, 0x55, 0x55, 0x49, 0x44, 0x73, 0x2e, 0x0a, 0x0a, 0x2d, 0x20, 0x49, 0x66, 0x20, 0x64, 0x69,
    0x73, 0x63, 0x6f, 0x6e, 0x6e, 0x65, 0x63, 0x74, 0x65, 0x64, 0x20, 0x64, 0x75, 0x72, 0x69, 0x6e,
    0x67, 0x20, 0x61, 0x20, 0x70, 0x61, 0x79, 0x6d, 0x65, 0x6e, 0x74, 0x20, 0x70, 0x72, 0x6f, 0x63,
    0x65, 0x73, 0x73, 0x2c, 0x20, 0x61, 0x66, 0x74, 0x65, 0x72, 0x20, 0x61, 0x20, 0x72, 0x65, 0x63,
    0x6f, 0x6e, 0x6e, 0x65, 0x63, 0x74, 0x20, 0x74, 0x68, 0x65, 0x20, 0x63, 0x75, 0x72, 0x72, 0x65,
    0x6e, 0x74, 0x6c, 0x79, 0x20, 0x72, 0x75, 0x6e, 0x6e, 0x69, 0x6e, 0x67, 0x20, 0x70, 0x72, 0x6f,
    0x63, 0x65, 0x73, 0x73, 0x20, 0x63, 0x61, 0x6e, 0x20, 0x73, 0x74, 0x69, 0x6c, 0x6c, 0x20, 0x62,
    0x65, 0x20, 0x63, 0x6f, 0x6e, 0x74, 0x72, 0x6f, 0x6c, 0x6c, 0x65, 0x64, 0x2e, 0x5c, 0x0a, 0x50,
    0x61, 0x79, 0x52, 0x65, 0x73, 0x70, 0x6f, 0x6e, 0x73, 0x65, 0x73, 0x20, 0x74, 0x68, 0x61, 0x74,
    0x20, 0x6f, 0x63, 0x63, 0x75, 0x72, 0x72, 0x65, 0x64, 0x20, 0x64, 0x75, 0x72, 0x69, 0x6e, 0x67,
    0x20, 0x74, 0x68, 0x65, 0x20, 0x64, 0x69, 0x73, 0x63, 0x6f, 0x6e, 0x6e, 0x65, 0x63, 0x74, 0x20,
    0x61, 0x72, 0x65, 0x20, 0x6c, 0x6f, 0x73, 0x74, 0x20, 0x74, 0x68, 0x6f, 0x75, 0x67, 0x68, 0x2e,
    0x0a, 0x0a, 0x2d, 0x20, 0x49, 0x66, 0x20, 0x61, 0x75, 0x74, 0x6f, 0x5f, 0x63, 0x61, 0x6e, 0x63,
    0x65, 0x6c, 0x20, 0x69, 0x73, 0x20, 0x6c, 0x65, 0x66, 0x74, 0x20, 0x6f, 0x75, 0x74, 0x20, 0x6f,
    0x72, 0x20, 0x73, 0x65, 0x74, 0x20, 0x74, 0x6f, 0x20, 0x74, 0x72, 0x75, 0x65, 0x2c, 0x20, 0x61,
    0x20, 0x6e, 0x65, 0x77, 0x20, 0x50, 0x61, 0x79, 0x52, 0x65, 0x71, 0x75, 0x65, 0x73, 0x74, 0x20,
    0x77, 0x69, 0x74, 0x68, 0x20, 0x61, 0x20, 0x64, 0x69, 0x66, 0x66, 0x65, 0x72, 0x65, 0x6e, 0x74,
    0x20, 0x55, 0x55, 0x49, 0x44, 0x20, 0x6f, 0x72, 0x20, 0x77, 0x69, 0x74, 0x68, 0x6f, 0x75, 0x74,
    0x20, 0x6f, 0x6e, 0x65, 0x20, 0x77, 0x69, 0x6c, 0x6c, 0x20, 0x61, 0x75, 0x74, 0x6f, 0x6d, 0x61,
    0x74, 0x69, 0x63, 0x61, 0x6c, 0x6c, 0x79, 0x20, 0x63, 0x61, 0x6e, 0x63, 0x65, 0x6c, 0x20, 0x61,
    0x6e, 0x79, 0x20, 0x63, 0x75, 0x72, 0x72, 0x65, 0x6e, 0x74, 0x6c, 0x79, 0x20, 0x72, 0x75, 0x6e,
    0x6e, 0x69, 0x6e, 0x67, 0x20, 0x70, 0x72, 0x6f, 0x63, 0x65, 0x73, 0x73, 0x20, 0x6f, 0x6e, 0x20,
    0x74, 0x68, 0x65, 0x20, 0x74, 0x65, 0x72, 0x6d, 0x69, 0x6e, 0x61, 0x6c, 0x2e, 0x5c, 0x0a, 0x49,
    0x66, 0x20, 0x67, 0x69, 0x76, 0x65, 0x6e, 0x20, 0x62, 0x75, 0x74, 0x20, 0x66, 0x61, 0x6c, 0x73,
    0x65, 0x2c, 0x20, 0x73, 0x65, 0x6e, 0x64, 0x69, 0x6e, 0x67, 0x20, 0x61, 0x20, 0x6e, 0x65, 0x77,
    0x20, 0x50, 0x61, 0x79, 0x52, 0x65, 0x71, 0x75, 0x65, 0x73, 0x74, 0x20, 0x77, 0x68, 0x69, 0x6c,
    0x65, 0x20, 0x61, 0x6e, 0x6f, 0x74, 0x68, 0x65, 0x72, 0x20, 0x70, 0x72, 0x6f, 0x63, 0x65, 0x73,
    0x73, 0x20, 0x69, 0x73, 0x20, 0x73, 0x74, 0x69, 0x6c, 0x6c, 0x20, 0x72, 0x75, 0x6e, 0x6e, 0x69,
    0x6e, 0x67, 0x20, 0x77, 0x69, 0x6c, 0x6c, 0x20, 0x72, 0x65, 0x73, 0x75, 0x6c, 0x74, 0x20, 0x69,
    0x6e, 0x20, 0x61, 0x20, 0x50, 0x41, 0x59, 0x5f, 0x46, 0x41, 0x49, 0x4c, 0x55, 0x52, 0x45, 0x5f,
    0x52, 0x45, 0x41, 0x53, 0x4f, 0x4e, 0x5f, 0x50, 0x41, 0x59, 0x4d, 0x45, 0x4e, 0x54, 0x5f, 0x4f,
    0x4e, 0x47, 0x4f, 0x49, 0x4e, 0x47, 0x20, 0x65, 0x72, 0x72, 0x6f, 0x72, 0x20, 0x6d, 0x65, 0x73,
    0x73, 0x61, 0x67, 0x65, 0x2e, 0x0a, 0x3c, 0x2f, 0x64, 0x65, 0x74, 0x61, 0x69, 0x6c, 0x73, 0x3e,
    0x0a, 0x0a, 0x3c, 0x64, 0x65, 0x74, 0x61, 0x69, 0x6c, 0x73, 0x20, 0x6f, 0x70, 0x65, 0x6e, 0x3e,
    0x0a, 0x3c, 0x73, 0x75, 0x6d, 0x6d, 0x61, 0x72, 0x79, 0x3e, 0x50, 0x72, 0x6f, 0x63, 0x65, 0x73,
    0x73, 0x20, 0x43, 0x6f, 0x6e, 0x73, 0x74, 0x72, 0x61, 0x69, 0x6e, 0x74, 0x73, 0x3c, 0x2f, 0x73,
    0x75, 0x6d, 0x6d, 0x61, 0x72, 0x79, 0x3e, 0x0a, 0x0a, 0x2d, 0x20, 0x54, 0x68, 0x65, 0x20, 0x61,
    0x6d, 0x6f, 0x75, 0x6e, 0x74, 0x20, 0x74, 0x6f, 0x20, 0x63, 0x68, 0x61, 0x72, 0x67, 0x65, 0x20,
    0x69, 0x73, 0x20, 0x67, 0x69, 0x76, 0x65, 0x6e, 0x20, 0x69, 0x6e, 0x20, 0x63, 0x65, 0x6e, 0x74,
    0x73, 0x20, 0x61, 0x6e, 0x64, 0x20, 0x63, 0x61, 0x6e, 0x20, 0x65, 0x76, 0x65, 0x6e, 0x20, 0x62,
    0x65, 0x20, 0x7a, 0x65, 0x72, 0x6f, 0x2e, 0x5c, 0x0a, 0x54, 0x68, 0x65, 0x20, 0x6c, 0x61, 0x73,
    0x74, 0x20, 0x6f, 0x70, 0x74, 0x69, 0x6f, 0x6e, 0x20, 0x69, 0x73, 0x20, 0x75, 0x73, 0x65, 0x66,
    0x75, 0x6c, 0x20, 0x74, 0x6f, 0x20, 0x63, 0x6f, 0x6d, 0x62, 0x69, 0x6e, 0x65, 0x20, 0x76, 0x65,
    0x6e, 0x64, 0x69, 0x6e, 0x67, 0x20, 0x6f, 0x72, 0x20, 0x61, 0x67, 0x65, 0x20, 0x76, 0x65, 0x72,
    0x69, 0x66, 0x69, 0x63, 0x61, 0x74, 0x69, 0x6f, 0x6e, 0x20, 0x77, 0x69, 0x74, 0x68, 0x20, 0x61,
    0x20, 0x60, 0x50, 0x61, 0x79, 0x47, 0x6f, 0x6f, 0x64, 0x73, 0x49, 0x73, 0x73, 0x75, 0x65, 0x64,
    0x60, 0x20, 0x6d, 0x65, 0x73, 0x73, 0x61, 0x67, 0x65, 0x2c, 0x5c, 0x0a, 0x6d, 0x6f, 0x73, 0x74,
    0x6c, 0x79, 0x20, 0x66, 0x6f, 0x72, 0x20, 0x74, 0x65, 0x6c, 0x65, 0x6d, 0x65, 0x74, 0x72, 0x79,
    0x20, 0x70, 0x75, 0x72, 0x70, 0x6f, 0x73, 0x65, 0x73, 0x2e, 0x0a, 0x0a, 0x2d, 0x20, 0x54, 0x68,
    0x65, 0x20, 0x6d, 0x69, 0x6e, 0x69, 0x6d, 0x75, 0x6d, 0x20, 0x61, 0x67, 0x65, 0x20, 0x74, 0x6f,
    0x20, 0x76, 0x65, 0x72, 0x69, 0x66, 0x79, 0x20, 0x68, 0x61, 0x73, 0x20, 0x74, 0x6f, 0x20, 0x62,
    0x65, 0x20, 0x67, 0x72, 0x65, 0x61, 0x74, 0x65, 0x72, 0x20, 0x74, 0x68, 0x61, 0x6e, 0x20, 0x7a,
    0x65, 0x72, 0x6f, 0x20, 0x61, 0x6e, 0x64, 0x20, 0x61, 0x74, 0x20, 0x6d, 0x6f, 0x73, 0x74, 0x20,
    0x31, 0x32, 0x30, 0x2e, 0x5c, 0x0a, 0x44, 0x65, 0x70, 0x65, 0x6e, 0x64, 0x69, 0x6e, 0x67, 0x20,
    0x6f, 0x6e, 0x20, 0x74, 0x68, 0x65, 0x20, 0x6d, 0x65, 0x74, 0x68, 0x6f, 0x64, 0x20, 0x63, 0x68,
    0x6f, 0x73, 0x65, 0x6e, 0x2c, 0x20, 0x6f, 0x6e, 0x6c, 0x79, 0x20, 0x63, 0x65, 0x72, 0x74, 0x61,
    0x69, 0x6e, 0x20, 0x61, 0x67, 0x65, 0x73, 0x20, 0x63, 0x61, 0x6e, 0x20, 0x62, 0x65, 0x20, 0x76,
    0x65, 0x72, 0x69, 0x66, 0x69, 0x65, 0x64, 0x2e, 0x5c, 0x0a, 0x53, 0x65, 0x65, 0x20, 0x74, 0x68,
    0x65, 0x20, 0x60, 0x41, 0x67, 0x65, 0x60, 0x20, 0x73, 0x65, 0x72, 0x76, 0x69, 0x63, 0x65, 0x20,
    0x66, 0x6f, 0x72, 0x20, 0x6d, 0x6f, 0x72, 0x65, 0x20, 0x64, 0x65, 0x74, 0x61, 0x69, 0x6c, 0x73,
    0x2e, 0x0a, 0x0a, 0x2d, 0x20, 0x41, 0x6e, 0x20, 0x61, 0x64, 0x64, 0x69, 0x74, 0x69, 0x6f, 0x6e,
    0x61, 0x6c, 0x20, 0x65, 0x78, 0x74, 0x65, 0x72, 0x6e, 0x61, 0x6c, 0x20, 0x61, 0x67, 0x65, 0x20,
    0x76, 0x65, 0x72, 0x69, 0x66, 0x69, 0x63, 0x61, 0x74, 0x69, 0x6f, 0x6e, 0x20, 0x73, 0x74, 0x65,
    0x70, 0x20, 0x63, 0x61, 0x6e, 0x20, 0x62, 0x65, 0x20, 0x69, 0x6d, 0x70, 0x6c, 0x65, 0x6d, 0x65,
    0x6e, 0x74, 0x65, 0x64, 0x20, 0x62, 0x79, 0x20, 0x73, 0x65, 0x6e, 0x64, 0x69, 0x6e, 0x67, 0x20,
    0x61, 0x6e, 0x20, 0x60, 0x41, 0x67, 0x65, 0x41, 0x70, 0x70, 0x72, 0x6f, 0x76, 0x65, 0x52, 0x65,
    0x71, 0x75, 0x65, 0x73, 0x74, 0x60, 0x20, 0x6d, 0x65, 0x73, 0x73, 0x61, 0x67, 0x65, 0x2e, 0x5c,
    0x0a, 0x54, 0x68, 0x69, 0x73, 0x20, 0x77, 0x69, 0x6c, 0x6c, 0x20, 0x6d, 0x61, 0x72, 0x6b, 0x20,
    0x74, 0x68, 0x65, 0x20, 0x61, 0x67, 0x65, 0x20, 0x76, 0x65, 0x72, 0x69, 0x66, 0x69, 0x63, 0x61,
    0x74, 0x69, 0x6f, 0x6e, 0x20, 0x61, 0x73, 0x20, 0x61, 0x70, 0x70, 0x72, 0x6f, 0x76, 0x65, 0x64,
    0x20, 0x61, 0x6e, 0x64, 0x20, 0x63, 0x6f, 0x6e, 0x74, 0x69, 0x6e, 0x75, 0x65, 0x20, 0x77, 0x69,
    0x74, 0x68, 0x20, 0x70, 0x61, 0x79, 0x6d, 0x65, 0x6e, 0x74, 0x2e, 0x0a, 0x0a, 0x2d, 0x20, 0x49,
    0x66, 0x20, 0x61, 0x20, 0x70, 0x61, 0x79, 0x6d, 0x65, 0x6e, 0x74, 0x20, 0x77, 0x61, 0x73, 0x20,
    0x61, 0x70, 0x70, 0x72, 0x6f, 0x76, 0x65, 0x64, 0x2c, 0x20, 0x61, 0x20, 0x60, 0x50, 0x61, 0x79,
    0x47, 0x6f, 0x6f, 0x64, 0x73, 0x49, 0x73, 0x73, 0x75, 0x65, 0x64, 0x60, 0x20, 0x6d, 0x65, 0x73,
    0x73, 0x61, 0x67, 0x65, 0x20, 0x6d, 0x75, 0x73, 0x74, 0x20, 0x62, 0x65, 0x20, 0x73, 0x65, 0x6e,
    0x74, 0x20, 0x69, 0x6e, 0x20, 0x6f, 0x72, 0x64, 0x65, 0x72, 0x20, 0x74, 0x6f, 0x20, 0x66, 0x69,
    0x6e, 0x61, 0x6c, 0x69, 0x7a, 0x65, 0x20, 0x69, 0x74, 0x2e, 0x5c, 0x0a, 0x2a, 0x54, 0x68, 0x65,
    0x20, 0x63, 0x6c, 0x69, 0x65, 0x6e, 0x74, 0x20, 0x68, 0x61, 0x73, 0x20, 0x39, 0x6d, 0x33, 0x30,
    0x73, 0x20, 0x74, 0x6f, 0x20, 0x61, 0x6e, 0x73, 0x77, 0x65, 0x72, 0x20, 0x74, 0x6f, 0x20, 0x74,
    0x68, 0x65, 0x20, 0x61, 0x70, 0x70, 0x72, 0x6f, 0x76, 0x61, 0x6c, 0x2c, 0x20, 0x6f, 0x72, 0x20,
    0x74, 0x68, 0x65, 0x20, 0x67, 0x6f, 0x6f, 0x64, 0x73, 0x20, 0x77, 0x69, 0x6c, 0x6c, 0x20, 0x62,
    0x65, 0x20, 0x69, 0x73, 0x73, 0x75, 0x65, 0x64, 0x20, 0x74, 0x6f, 0x20, 0x74, 0x68, 0x65, 0x20,
    0x63, 0x75, 0x73, 0x74, 0x6f, 0x6d, 0x65, 0x72, 0x20, 0x61, 0x73, 0x20, 0x61, 0x6e, 0x20, 0x65,
    0x6d, 0x65, 0x72, 0x67, 0x65, 0x6e, 0x63, 0x79, 0x20, 0x6d, 0x65, 0x61, 0x73, 0x75, 0x72, 0x65,
    0x2e, 0x2a, 0x2a, 0x0a, 0x0a, 0x2d, 0x20, 0x56, 0x65, 0x6e, 0x64, 0x69, 0x6e, 0x67, 0x20, 0x63,
    0x61, 0x6e, 0x20, 0x61, 0x6c, 0x73, 0x6f, 0x20, 0x62, 0x65, 0x20, 0x64, 0x6f, 0x6e, 0x65, 0x20,
    0x76, 0x69, 0x61, 0x20, 0x74, 0x68, 0x69, 0x73, 0x20, 0x65, 0x6e, 0x64, 0x70, 0x6f, 0x69, 0x6e,
    0x74, 0x20, 0x62, 0x79, 0x20, 0x73, 0x65, 0x6e, 0x64, 0x69, 0x6e, 0x67, 0x20, 0x61, 0x20, 0x56,
    0x65, 0x6e, 0x64, 0x53, 0x74, 0x61, 0x72, 0x74, 0x20, 0x6d, 0x65, 0x73, 0x73, 0x61, 0x67, 0x65,
    0x2e, 0x5c, 0x0a, 0x54, 0x68, 0x65, 0x73, 0x65, 0x20, 0x61, 0x72, 0x65, 0x20, 0x61, 0x63, 0x63,
    0x65, 0x70, 0x74, 0x65, 0x64, 0x20, 0x65, 0x69, 0x74, 0x68, 0x65, 0x72, 0x20, 0x77, 0x68, 0x65,
    0x6e, 0x20, 0x6e, 0x6f, 0x20, 0x70, 0x61, 0x79, 0x6d, 0x65, 0x6e, 0x74, 0x20, 0x69, 0x73, 0x20,
    0x72, 0x75, 0x6e, 0x6e, 0x69, 0x6e, 0x67, 0x2c, 0x20, 0x6f, 0x72, 0x20, 0x61, 0x66, 0x74, 0x65,
    0x72, 0x20, 0x74, 0x68, 0x65, 0x20, 0x70, 0x61, 0x79, 0x6d, 0x65, 0x6e, 0x74, 0x20, 0x77, 0x61,
    0x73, 0x20, 0x41, 0x50, 0x50, 0x52, 0x4f, 0x56, 0x45, 0x44, 0x20, 0x61, 0x6e, 0x64, 0x20, 0x62,
    0x65, 0x66, 0x6f, 0x72, 0x65, 0x20, 0x73, 0x65, 0x6e, 0x64, 0x69, 0x6e, 0x67, 0x20, 0x47, 0x4f,
    0x4f, 0x44, 0x53, 0x5f, 0x49, 0x53, 0x53, 0x55, 0x45, 0x44, 0x2e, 0x5c, 0x0a, 0x53, 0x65, 0x65,
    0x20, 0x60, 0x56, 0x65, 0x6e, 0x64, 0x60, 0x20, 0x73, 0x65, 0x72, 0x76, 0x69, 0x63, 0x65, 0x20,
    0x66, 0x6f, 0x72, 0x20, 0x64, 0x65, 0x74, 0x61, 0x69, 0x6c, 0x73, 0x2e, 0x0a, 0x3c, 0x2f, 0x64,
    0x65, 0x74, 0x61, 0x69, 0x6c, 0x73, 0x3e, 0x0a, 0x0a, 0x3c, 0x64, 0x65, 0x74, 0x61, 0x69, 0x6c,
    0x73, 0x3e, 0x0a, 0x3c, 0x73, 0x75, 0x6d, 0x6d, 0x61, 0x72, 0x79, 0x3e, 0x54, 0x65, 0x6c, 0x65,
    0x6d, 0x65, 0x74, 0x72, 0x79, 0x20, 0x2f, 0x20, 0x49, 0x6e, 0x76, 0x6f, 0x69, 0x63, 0x65, 0x20,
    0x4c, 0x69, 0x6e, 0x65, 0x20, 0x49, 0x74, 0x65, 0x6d, 0x73, 0x20, 0x2f, 0x20, 0x4d, 0x69, 0x78,
    0x65, 0x64, 0x20, 0x50, 0x61, 0x79, 0x6d, 0x65, 0x6e, 0x74, 0x73, 0x3c, 0x2f, 0x73, 0x75, 0x6d,
    0x6d, 0x61, 0x72, 0x79, 0x3e, 0x0a, 0x0a, 0x49, 0x74, 0x20, 0x69, 0x73, 0x20, 0x70, 0x6f, 0x73,
    0x73, 0x69, 0x62, 0x6c, 0x65, 0x20, 0x74, 0x6f, 0x20, 0x73, 0x65, 0x6e, 0x64, 0x20, 0x61, 0x20,
    0x6c, 0x69, 0x73, 0x74, 0x20, 0x6f, 0x66, 0x20, 0x70, 0x72, 0x6f, 0x64, 0x75, 0x63, 0x74, 0x73,
    0x2c, 0x20, 0x74, 0x68, 0x65, 0x69, 0x72, 0x20, 0x70, 0x72, 0x69, 0x63, 0x65, 0x73, 0x20, 0x61,
    0x6e, 0x64, 0x20, 0x74, 0x68, 0x65, 0x20, 0x71, 0x75, 0x61, 0x6e, 0x74, 0x69, 0x74, 0x79, 0x20,
    0x70, 0x65, 0x72, 0x20, 0x70, 0x72, 0x6f, 0x64, 0x75, 0x63, 0x74, 0x20, 0x73, 0x6f, 0x6c, 0x64,
    0x20, 0x61, 0x6c, 0x6f, 0x6e, 0x67, 0x73, 0x69, 0x64, 0x65, 0x20, 0x74, 0x68, 0x65, 0x20, 0x60,
    0x70, 0x61, 0x79, 0x5f, 0x73, 0x74, 0x61, 0x72, 0x74, 0x60, 0x20, 0x61, 0x6e, 0x64, 0x20, 0x60,
    0x67, 0x6f, 0x6f, 0x64, 0x73, 0x5f, 0x69, 0x73, 0x73, 0x75, 0x65, 0x64, 0x60, 0x20, 0x72, 0x65,
    0x71, 0x75, 0x65, 0x73, 0x74, 0x73, 0x2e, 0x20, 0x53, 0x65, 0x65, 0x20, 0x74, 0x68, 0x65, 0x20,
    0x64, 0x6f, 0x63, 0x75, 0x6d, 0x65, 0x6e, 0x74, 0x61, 0x74, 0x69, 0x6f, 0x6e, 0x20, 0x6f, 0x66,
    0x20, 0x74, 0x68, 0x65, 0x20, 0x61, 0x70, 0x69, 0x2e, 0x76, 0x31, 0x2e, 0x4c, 0x69, 0x6e, 0x65,
    0x49, 0x74, 0x65, 0x6d, 0x20, 0x6d, 0x65, 0x73, 0x73, 0x61, 0x67, 0x65, 0x2e, 0x0a, 0x0a, 0x4d,
    0x69, 0x78, 0x65, 0x64, 0x20, 0x70, 0x61, 0x79, 0x6d, 0x65, 0x6e, 0x74, 0x73, 0x20, 0x63, 0x61,
    0x6e, 0x20, 0x62, 0x65, 0x20, 0x73, 0x75, 0x70, 0x70, 0x6f, 0x72, 0x74, 0x65, 0x64, 0x20, 0x62,
    0x79, 0x20, 0x73, 0x65, 0x6e, 0x64, 0x69, 0x6e, 0x67, 0x20, 0x61, 0x6e, 0x20, 0x61, 0x64, 0x64,
    0x69, 0x74, 0x69, 0x6f, 0x6e, 0x61, 0x6c, 0x20, 0x63, 0x61, 0x73, 0x68, 0x5f, 0x61, 0x6d, 0x6f,
    0x75, 0x6e, 0x74, 0x20, 0x76, 0x69, 0x61, 0x20, 0x74, 0x68, 0x65, 0x20, 0x60, 0x70, 0x61, 0x79,
    0x5f, 0x73, 0x74, 0x61, 0x72, 0x74, 0x60, 0x20, 0x6f, 0x72, 0x20, 0x60, 0x67, 0x6f, 0x6f, 0x64,
    0x73, 0x5f, 0x69, 0x73, 0x73, 0x75, 0x65, 0x64, 0x60, 0x20, 0x6d, 0x65, 0x73, 0x73, 0x61, 0x67,
    0x65, 0x2e, 0x0a, 0x54, 0x68, 0x65, 0x20, 0x61, 0x6d, 0x6f, 0x75, 0x6e, 0x74, 0x20, 0x69, 0x6e,
    0x20, 0x50, 0x61, 0x79, 0x53, 0x74, 0x61, 0x72, 0x74, 0x2e, 0x61, 0x6d, 0x6f, 0x75, 0x6e, 0x74,
    0x20, 0x6f, 0x72, 0x20, 0x50, 0x61, 0x79, 0x47, 0x6f, 0x6f, 0x64, 0x73, 0x49, 0x73, 0x73, 0x75,
    0x65, 0x64, 0x2e, 0x70, 0x61, 0x72, 0x74, 0x69, 0x61, 0x6c, 0x5f, 0x61, 0x6d, 0x6f, 0x75, 0x6e,
    0x74, 0x20, 0x6f, 0x6e, 0x6c, 0x79, 0x20, 0x63, 0x6f, 0x76, 0x65, 0x72, 0x73, 0x20, 0x63, 0x61,
    0x73, 0x68, 0x6c, 0x65, 0x73, 0x73, 0x20, 0x74, 0x72, 0x61, 0x6e, 0x73, 0x61, 0x63, 0x74, 0x69,
    0x6f, 0x6e, 0x73, 0x2c, 0x0a, 0x74, 0x68, 0x65, 0x72, 0x65, 0x66, 0x6f, 0x72, 0x65, 0x20, 0x63,
    0x61, 0x73, 0x68, 0x5f, 0x61, 0x6d, 0x6f, 0x75, 0x6e, 0x74, 0x20, 0x69, 0x73, 0x20, 0x69, 0x6e,
    0x64, 0x65, 0x70, 0x65, 0x6e, 0x64, 0x65, 0x6e, 0x74, 0x20, 0x6f, 0x66, 0x20, 0x74, 0x68, 0x61,
    0x74, 0x20, 0x61, 0x6e, 0x64, 0x20, 0x6f, 0x6e, 0x6c, 0x79, 0x20, 0x66, 0x6f, 0x72, 0x20, 0x72,
    0x65, 0x70, 0x6f, 0x72, 0x74, 0x69, 0x6e, 0x67, 0x20, 0x70, 0x75, 0x72, 0x70, 0x6f, 0x73, 0x65,
    0x73, 0x20, 0x76, 0x69, 0x61, 0x20, 0x74, 0x65, 0x6c, 0x65, 0x6d, 0x65, 0x74, 0x72, 0x79, 0x2e,
    0x0a, 0x0a, 0x54, 0x68, 0x65, 0x20, 0x64, 0x65, 0x76, 0x69, 0x63, 0x65, 0x20, 0x77, 0x69, 0x6c,
    0x6c, 0x20, 0x64, 0x6f, 0x20, 0x61, 0x20, 0x76, 0x65, 0x72, 0x69, 0x66, 0x69, 0x63, 0x61, 0x74,
    0x69, 0x6f, 0x6e, 0x20, 0x6f, 0x66, 0x20, 0x74, 0x68, 0x65, 0x20, 0x70, 0x61, 0x79, 0x6d, 0x65,
    0x6e, 0x74, 0x20, 0x61, 0x6d, 0x6f, 0x75, 0x6e, 0x74, 0x20, 0x28, 0x69, 0x6e, 0x63, 0x6c, 0x75,
    0x64, 0x69, 0x6e, 0x67, 0x20, 0x63, 0x61, 0x73, 0x68, 0x5f, 0x61, 0x6d, 0x6f, 0x75, 0x6e, 0x74,
    0x20, 0x69, 0x66, 0x20, 0x70, 0x72, 0x65, 0x73, 0x65, 0x6e, 0x74, 0x29, 0x20, 0x76, 0x65, 0x72,
    0x73, 0x75, 0x73, 0x20, 0x74, 0x68, 0x65, 0x20, 0x73, 0x75, 0x6d, 0x20, 0x6f, 0x66, 0x20, 0x74,
    0x68, 0x65, 0x20, 0x70, 0x72, 0x6f, 0x76, 0x69, 0x64, 0x65, 0x64, 0x20, 0x4c, 0x69, 0x6e, 0x65,
    0x49, 0x74, 0x65, 0x6d, 0x20, 0x6c, 0x69, 0x73, 0x74, 0x2c, 0x20, 0x61, 0x6e, 0x64, 0x20, 0x72,
    0x65, 0x70, 0x6f, 0x72, 0x74, 0x20, 0x61, 0x20, 0x50, 0x41, 0x59, 0x5f, 0x41, 0x50, 0x49, 0x5f,
    0x46, 0x41, 0x49, 0x4c, 0x55, 0x52, 0x45, 0x5f, 0x52, 0x45, 0x41, 0x53, 0x4f, 0x4e, 0x5f, 0x41,
    0x4d, 0x4f, 0x55, 0x4e, 0x54, 0x5f, 0x4d, 0x49, 0x53, 0x4d, 0x41, 0x54, 0x43, 0x48, 0x20, 0x69,
    0x66, 0x20, 0x74, 0x68, 0x65, 0x73, 0x65, 0x20, 0x61, 0x6d, 0x6f, 0x75, 0x6e, 0x74, 0x73, 0x20,
    0x6d, 0x69, 0x73, 0x6d, 0x61, 0x74, 0x63, 0x68, 0x2e, 0x0a, 0x0a, 0x54, 0x68, 0x65, 0x73, 0x65,
    0x20, 0x6d, 0x65, 0x73, 0x73, 0x61, 0x67, 0x65, 0x73, 0x20, 0x61, 0x72, 0x65, 0x20, 0x70, 0x72,
    0x6f, 0x63, 0x65, 0x73, 0x73, 0x65, 0x64, 0x20, 0x62, 0x79, 0x20, 0x74, 0x68, 0x65, 0x20, 0x53,
    0x45, 0x4e, 0x56, 0x45, 0x4e, 0x44, 0x20, 0x77, 0x65, 0x62, 0x20, 0x70, 0x6f, 0x72, 0x74, 0x61,
    0x6c, 0x20, 0x61, 0x6e, 0x64, 0x20, 0x74, 0x61, 0x6b, 0x65, 0x6e, 0x20, 0x69, 0x6e, 0x74, 0x6f,
    0x20, 0x63, 0x6f, 0x6e, 0x73, 0x69, 0x64, 0x65, 0x72, 0x61, 0x74, 0x69, 0x6f, 0x6e, 0x20, 0x77,
    0x68, 0x65, 0x6e, 0x20, 0x67, 0x65, 0x6e, 0x65, 0x72, 0x61, 0x74, 0x69, 0x6e, 0x67, 0x20, 0x73,
    0x61, 0x6c, 0x65, 0x73, 0x20, 0x72, 0x65, 0x70, 0x6f, 0x72, 0x74, 0x73, 0x2e, 0x0a, 0x0a, 0x49,
    0x66, 0x20, 0x6c, 0x69, 0x6e, 0x65, 0x5f, 0x69, 0x74, 0x65, 0x6d, 0x73, 0x20, 0x6f, 0x72, 0x20,
    0x63, 0x61, 0x73, 0x68, 0x5f, 0x61, 0x6d, 0x6f, 0x75, 0x6e, 0x74, 0x20, 0x61, 0x72, 0x65, 0x20,
    0x73, 0x65, 0x6e, 0x74, 0x20, 0x61, 0x6c, 0x6f, 0x6e, 0x67, 0x73, 0x69, 0x64, 0x65, 0x20, 0x74,
    0x68, 0x65, 0x20, 0x60, 0x67, 0x6f, 0x6f, 0x64, 0x73, 0x5f, 0x69, 0x73, 0x73, 0x75, 0x65, 0x64,
    0x60, 0x20, 0x6d, 0x65, 0x73, 0x73, 0x61, 0x67, 0x65, 0x2c, 0x20, 0x74, 0x68, 0x65, 0x79, 0x20,
    0x74, 0x61, 0x6b, 0x65, 0x20, 0x70, 0x72, 0x65, 0x63, 0x65, 0x64, 0x65, 0x6e, 0x63, 0x65, 0x20,
    0x6f, 0x76, 0x65, 0x72, 0x20, 0x61, 0x6e, 0x79, 0x20, 0x76, 0x61, 0x6c, 0x75, 0x65, 0x73, 0x20,
    0x66, 0x72, 0x6f, 0x6d, 0x20, 0x74, 0x68, 0x65, 0x20, 0x60, 0x70, 0x61, 0x79, 0x5f, 0x73, 0x74,
    0x61, 0x72, 0x74, 0x60, 0x20, 0x6d, 0x65, 0x73, 0x73, 0x61, 0x67, 0x65, 0x2c, 0x20, 0x65, 0x66,
    0x66, 0x65, 0x63, 0x74, 0x69, 0x76, 0x65, 0x6c, 0x79, 0x20, 0x6f, 0x76, 0x65, 0x72, 0x72, 0x69,
    0x64, 0x69, 0x6e, 0x67, 0x20, 0x74, 0x68, 0x65, 0x6d, 0x2e, 0x0a, 0x3c, 0x2f, 0x64, 0x65, 0x74,
    0x61, 0x69, 0x6c, 0x73, 0x3e, 0x0a, 0x0a, 0x3c, 0x64, 0x65, 0x74, 0x61, 0x69, 0x6c, 0x73, 0x3e,
    0x0a, 0x3c, 0x73, 0x75, 0x6d, 0x6d, 0x61, 0x72, 0x79, 0x3e, 0x53, 0x74, 0x61, 0x74, 0x65, 0x20,
    0x61, 0x6e, 0x64, 0x20, 0x73, 0x74, 0x61, 0x74, 0x65, 0x20, 0x63, 0x68, 0x61, 0x6e, 0x67, 0x65,
    0x73, 0x3c, 0x2f, 0x73, 0x75, 0x6d, 0x6d, 0x61, 0x72, 0x79, 0x3e, 0x0a, 0x0a, 0x7c, 0x20, 0x53,
    0x74, 0x61, 0x74, 0x65, 0x20, 0x7c, 0x20, 0x52, 0x65, 0x71, 0x75, 0x65, 0x73, 0x74, 0x20, 0x7c,
    0x20, 0x52, 0x65, 0x73, 0x75, 0x6c, 0x74, 0x20, 0x7c, 0x0a, 0x7c, 0x2d, 0x2d, 0x2d, 0x2d, 0x2d,
    0x2d, 0x2d, 0x2d, 0x2d, 0x2d, 0x2d, 0x2d, 0x2d, 0x2d, 0x2d, 0x2d, 0x2d, 0x2d, 0x2d, 0x2d, 0x2d,
    0x2d, 0x2d, 0x2d, 0x2d, 0x2d, 0x7c, 0x2d, 0x2d, 0x2d, 0x2d, 0x2d, 0x2d, 0x2d, 0x2d, 0x2d, 0x2d,
    0x2d, 0x2d, 0x2d, 0x2d, 0x2d, 0x2d, 0x2d, 0x2d, 0x2d, 0x2d, 0x2d, 0x2d, 0x2d, 0x2d, 0x2d, 0x2d,
    0x2d, 0x2d, 0x7c, 0x2d, 0x2d, 0x2d, 0x2d, 0x2d, 0x2d, 0x2d, 0x2d, 0x2d, 0x2d, 0x2d, 0x2d, 0x2d,
    0x2d, 0x2d, 0x2d, 0x2d, 0x2d, 0x2d, 0x2d, 0x2d, 0x2d, 0x2d, 0x2d, 0x2d, 0x2d, 0x2d, 0x2d, 0x2d,
    0x2d, 0x7c, 0x0a, 0x7c, 0x20, 0x4e, 0x6f, 0x20, 0x70, 0x61, 0x79, 0x6d, 0x65, 0x6e, 0x74, 0x20,
    0x72, 0x75, 0x6e, 0x6e, 0x69, 0x6e, 0x67, 0x20, 0x7c, 0x20, 0x50, 0x61, 0x79, 0x53, 0x74, 0x61,
    0x72, 0x74, 0x20, 0x7c, 0x20, 0x50, 0x61, 0x79, 0x6d, 0x65, 0x6e, 0x74, 0x20, 0x73, 0x74, 0x61,
    0x72, 0x74, 0x20, 0x7c, 0x0a, 0x7c, 0x20, 0x7c, 0x20, 0x50, 0x61, 0x79, 0x53, 0x74, 0x61, 0x72,
    0x74, 0x20, 0x28, 0x77, 0x69, 0x74, 0x68, 0x20, 0x41, 0x67, 0x65, 0x52, 0x65, 0x71, 0x75, 0x65,
    0x73, 0x74, 0x29, 0x20, 0x7c, 0x20, 0x41, 0x67, 0x65, 0x56, 0x65, 0x72, 0x69, 0x66, 0x69, 0x63,
    0x61, 0x74, 0x69, 0x6f, 0x6e, 0x20, 0x73, 0x74, 0x61, 0x72, 0x74, 0x20, 0x7c, 0x0a, 0x7c, 0x20,
    0x7c, 0x20, 0x50, 0x61, 0x79, 0x43, 0x61, 0x6e, 0x63, 0x65, 0x6c, 0x20, 0x7c, 0x20, 0x50, 0x61,
    0x79, 0x41, 0x70, 0x69, 0x46, 0x61, 0x69, 0x6c, 0x75, 0x72, 0x65, 0x20, 0x7c, 0x0a, 0x7c, 0x20,
    0x7c, 0x20, 0x50, 0x61, 0x79, 0x47, 0x6f, 0x6f, 0x64, 0x73, 0x49, 0x73, 0x73, 0x75, 0x65, 0x64,
    0x20, 0x7c, 0x20, 0x50, 0x61, 0x79, 0x41, 0x70, 0x69, 0x46, 0x61, 0x69, 0x6c, 0x75, 0x72, 0x65,
    0x20, 0x7c, 0x0a, 0x7c, 0x20, 0x41, 0x67, 0x65, 0x20, 0x76, 0x65, 0x72, 0x69, 0x66, 0x69, 0x63,
    0x61, 0x74, 0x69, 0x6f, 0x6e, 0x20, 0x6f, 0x6e, 0x67, 0x6f, 0x69, 0x6e, 0x67, 0x20, 0x7c, 0x20,
    0x50, 0x61, 0x79, 0x53, 0x74, 0x61, 0x72, 0x74, 0x20, 0x7c, 0x20, 0x50, 0x61, 0x79, 0x41, 0x70,
    0x69, 0x46, 0x61, 0x69, 0x6c, 0x75, 0x72, 0x65, 0x20, 0x7c, 0x0a, 0x7c, 0x20, 0x7c, 0x20, 0x50,
    0x61, 0x79, 0x43, 0x61, 0x6e, 0x63, 0x65, 0x6c, 0x20, 0x7c, 0x20, 0x41, 0x67, 0x65, 0x56, 0x65,
    0x72, 0x69, 0x66, 0x69, 0x63, 0x61, 0x74, 0x69, 0x6f, 0x6e, 0x20, 0x63, 0x61, 0x6e, 0x63, 0x65,
    0x6c, 0x20, 0x7c, 0x0a, 0x7c, 0x20, 0x7c, 0x20, 0x50, 0x61, 0x79, 0x47, 0x6f, 0x6f, 0x64, 0x73,
    0x49, 0x73, 0x73, 0x75, 0x65, 0x64, 0x20, 0x7c, 0x20, 0x50, 0x61, 0x79, 0x41, 0x70, 0x69, 0x46,
    0x61, 0x69, 0x6c, 0x75, 0x72, 0x65, 0x20, 0x7c, 0x0a, 0x7c, 0x20, 0x7c, 0x20, 0x41, 0x67, 0x65,
    0x41, 0x70, 0x70, 0x72, 0x6f, 0x76, 0x65, 0x52, 0x65, 0x71, 0x75, 0x65, 0x73, 0x74, 0x20, 0x7c,
    0x20, 0x54, 0x65, 0x72, 0x6d, 0x69, 0x6e, 0x61, 0x6c, 0x20, 0x50, 0x72, 0x6f, 0x63, 0x65, 0x65,
    0x64, 0x73, 0x20, 0x74, 0x6f, 0x20, 0x70, 0x61, 0x79, 0x6d, 0x65, 0x6e, 0x74, 0x20, 0x7c, 0x0a,
    0x7c, 0x20, 0x50, 0x61, 0x79, 0x6d, 0x65, 0x6e, 0x74, 0x20, 0x70, 0x72, 0x6f, 0x63, 0x65, 0x73,
    0x73, 0x20, 0x6f, 0x6e, 0x67, 0x6f, 0x69, 0x6e, 0x67, 0x20, 0x7c, 0x20, 0x50, 0x61, 0x79, 0x53,
    0x74, 0x61, 0x72, 0x74, 0x20, 0x7c, 0x20, 0x50, 0x61, 0x79, 0x41, 0x70, 0x69, 0x46, 0x61, 0x69,
    0x6c, 0x75, 0x72, 0x65, 0x20, 0x7c, 0x0a, 0x7c, 0x20, 0x7c, 0x20, 0x50, 0x61, 0x79, 0x43, 0x61,
    0x6e, 0x63, 0x65, 0x6c, 0x20, 0x7c, 0x20, 0x50, 0x61, 0x79, 0x6d, 0x65, 0x6e, 0x74, 0x20, 0x63,
    0x61, 0x6e, 0x63, 0x65, 0x6c, 0x20, 0x7c, 0x0a, 0x7c, 0x20, 0x7c, 0x20, 0x50, 0x61, 0x79, 0x47,
    0x6f, 0x6f, 0x64, 0x73, 0x49, 0x73, 0x73, 0x75, 0x65, 0x64, 0x20, 0x7c, 0x20, 0x50, 0x61, 0x79,
    0x41, 0x70, 0x69, 0x46, 0x61, 0x69, 0x6c, 0x75, 0x72, 0x65, 0x20, 0x7c, 0x0a, 0x7c, 0x20, 0x7c,
    0x20, 0x41, 0x67, 0x65, 0x41, 0x70, 0x70, 0x72, 0x6f, 0x76, 0x65, 0x52, 0x65, 0x71, 0x75, 0x65,
    0x73, 0x74, 0x20, 0x7c, 0x20, 0x50, 0x61, 0x79, 0x41, 0x70, 0x69, 0x46, 0x61, 0x69, 0x6c, 0x75,
    0x72, 0x65, 0x20, 0x7c, 0x0a, 0x7c, 0x20, 0x50, 0x61, 0x79, 0x6d, 0x65, 0x6e, 0x74, 0x20, 0x61,
    0x63, 0x63, 0x65, 0x70, 0x74, 0x65, 0x64, 0x20, 0x7c, 0x20, 0x50, 0x61, 0x79, 0x53, 0x74, 0x61,
    0x72, 0x74, 0x20, 0x7c, 0x20, 0x50, 0x61, 0x79, 0x41, 0x70, 0x69, 0x46, 0x61, 0x69, 0x6c, 0x75,
    0x72, 0x65, 0x20, 0x7c, 0x0a, 0x7c, 0x20, 0x7c, 0x20, 0x50, 0x61, 0x79, 0x43, 0x61, 0x6e, 0x63,
    0x65, 0x6c, 0x20, 0x7c, 0x20, 0x52, 0x65, 0x69, 0x6d, 0x62, 0x75, 0x72, 0x73, 0x65, 0x20, 0x61,
    0x6e, 0x64, 0x20, 0x63, 0x61, 0x6e, 0x63, 0x65, 0x6c, 0x20, 0x70, 0x61, 0x79, 0x6d, 0x65, 0x6e,
    0x74, 0x20, 0x7c, 0x0a, 0x7c, 0x20, 0x7c, 0x20, 0x50, 0x61, 0x79, 0x47, 0x6f, 0x6f, 0x64, 0x73,
    0x49, 0x73, 0x73, 0x75, 0x65, 0x64, 0x20, 0x7c, 0x20, 0x46, 0x69, 0x6e, 0x61, 0x6c, 0x69, 0x7a,
    0x65, 0x20, 0x70, 0x61, 0x79, 0x6d, 0x65, 0x6e, 0x74, 0x20, 0x7c, 0x0a, 0x3c, 0x2f, 0x64, 0x65,
    0x74, 0x61, 0x69, 0x6c, 0x73, 0x3e, 0x0a, 0x0a, 0x3c, 0x64, 0x65, 0x74, 0x61, 0x69, 0x6c, 0x73,
    0x3e, 0x0a, 0x3c, 0x73, 0x75, 0x6d, 0x6d, 0x61, 0x72, 0x79, 0x3e, 0x53, 0x74, 0x61, 0x74, 0x65,
    0x20, 0x61, 0x6e, 0x64, 0x20, 0x65, 0x72, 0x72, 0x6f, 0x72, 0x73, 0x3c, 0x2f, 0x73, 0x75, 0x6d,
    0x6d, 0x61, 0x72, 0x79, 0x3e, 0x0a, 0x0a, 0x7c, 0x20, 0x53, 0x74, 0x61, 0x74, 0x65, 0x20, 0x7c,
    0x20, 0x45, 0x76, 0x65, 0x6e, 0x74, 0x20, 0x7c, 0x20, 0x45, 0x72, 0x72, 0x6f, 0x72, 0x20, 0x7c,
    0x0a, 0x7c, 0x2d, 0x2d, 0x2d, 0x2d, 0x2d, 0x2d, 0x2d, 0x2d, 0x2d, 0x2d, 0x2d, 0x2d, 0x2d, 0x2d,
    0x2d, 0x2d, 0x2d, 0x2d, 0x2d, 0x2d, 0x2d, 0x2d, 0x2d, 0x2d, 0x2d, 0x2d, 0x7c, 0x2d, 0x2d, 0x2d,
    0x2d, 0x2d, 0x2d, 0x2d, 0x2d, 0x2d, 0x2d, 0x2d, 0x2d, 0x2d, 0x2d, 0x2d, 0x2d, 0x2d, 0x2d, 0x2d,
    0x2d, 0x2d, 0x2d, 0x2d, 0x2d, 0x2d, 0x2d, 0x2d, 0x7c, 0x2d, 0x2d, 0x2d, 0x2d, 0x2d, 0x2d, 0x2d,
    0x2d, 0x2d, 0x2d, 0x2d, 0x2d, 0x2d, 0x2d, 0x2d, 0x2d, 0x2d, 0x2d, 0x2d, 0x2d, 0x2d, 0x2d, 0x2d,
    0x2d, 0x2d, 0x2d, 0x2d, 0x2d, 0x2d, 0x2d, 0x2d, 0x2d, 0x2d, 0x2d, 0x2d, 0x7c, 0x0a, 0x7c, 0x20,
    0x41, 0x67, 0x65, 0x20, 0x76, 0x65, 0x72, 0x69, 0x66, 0x69, 0x63, 0x61, 0x74, 0x69, 0x6f, 0x6e,
    0x20, 0x6f, 0x6e, 0x67, 0x6f, 0x69, 0x6e, 0x67, 0x20, 0x7c, 0x20, 0x54, 0x6f, 0x6f, 0x6b, 0x20,
    0x74, 0x6f, 0x6f, 0x20, 0x6c, 0x6f, 0x6e, 0x67, 0x20, 0x28, 0x74, 0x69, 0x6d, 0x65, 0x6f, 0x75,
    0x74, 0x29, 0x20, 0x7c, 0x20, 0x41, 0x47, 0x45, 0x5f, 0x46, 0x41, 0x49, 0x4c, 0x55, 0x52, 0x45,
    0x5f, 0x52, 0x45, 0x41, 0x53, 0x4f, 0x4e, 0x5f, 0x55, 0x53, 0x45, 0x52, 0x5f, 0x43, 0x41, 0x4e,
    0x43, 0x45, 0x4c, 0x4c, 0x45, 0x44, 0x20, 0x7c, 0x0a, 0x7c, 0x20, 0x7c, 0x20, 0x55, 0x73, 0x65,
    0x72, 0x20, 0x61, 0x63, 0x74, 0x69, 0x76, 0x65, 0x6c, 0x79, 0x20, 0x63, 0x61, 0x6e, 0x63, 0x65,
    0x6c, 0x65, 0x64, 0x20, 0x7c, 0x20, 0x41, 0x47, 0x45, 0x5f, 0x46, 0x41, 0x49, 0x4c, 0x55, 0x52,
    0x45, 0x5f, 0x52, 0x45, 0x41, 0x53, 0x4f, 0x4e, 0x5f, 0x55, 0x53, 0x45, 0x52, 0x5f, 0x43, 0x41,
    0x4e, 0x43, 0x45, 0x4c, 0x4c, 0x45, 0x44, 0x20, 0x7c, 0x0a, 0x7c, 0x20, 0x7c, 0x20, 0x43, 0x61,
    0x6e, 0x63, 0x65, 0x6c, 0x20, 0x76, 0x69, 0x61, 0x20, 0x41, 0x50, 0x49, 0x20, 0x7c, 0x20, 0x41,
    0x47, 0x45, 0x5f, 0x46, 0x41, 0x49, 0x4c, 0x55, 0x52, 0x45, 0x5f, 0x52, 0x45, 0x41, 0x53, 0x4f,
    0x4e, 0x5f, 0x41, 0x50, 0x49, 0x5f, 0x43, 0x41, 0x4e, 0x43, 0x45, 0x4c, 0x4c, 0x45, 0x44, 0x20,
    0x7c, 0x0a, 0x7c, 0x20, 0x7c, 0x20, 0x56, 0x65, 0x72, 0x69, 0x66, 0x69, 0x63, 0x61, 0x74, 0x69,
    0x6f, 0x6e, 0x20, 0x66, 0x61, 0x69, 0x6c, 0x73, 0x20, 0x7c, 0x20, 0x41, 0x67, 0x65, 0x46, 0x61,
    0x69, 0x6c, 0x75, 0x72, 0x65, 0x55, 0x6e, 0x64, 0x65, 0x72, 0x61, 0x67, 0x65, 0x20, 0x7c, 0x0a,
    0x7c, 0x20, 0x50, 0x61, 0x79, 0x6d, 0x65, 0x6e, 0x74, 0x20, 0x70, 0x72, 0x6f, 0x63, 0x65, 0x73,
    0x73, 0x20, 0x6f, 0x6e, 0x67, 0x6f, 0x69, 0x6e, 0x67, 0x20, 0x7c, 0x20, 0x54, 0x6f, 0x6f, 0x6b,
    0x20, 0x74, 0x6f, 0x6f, 0x20, 0x6c, 0x6f, 0x6e, 0x67, 0x20, 0x28, 0x74, 0x69, 0x6d, 0x65, 0x6f,
    0x75, 0x74, 0x29, 0x20, 0x7c, 0x20, 0x50, 0x41, 0x59, 0x5f, 0x46, 0x41, 0x49, 0x4c, 0x55, 0x52,
    0x45, 0x5f, 0x52, 0x45, 0x41, 0x53, 0x4f, 0x4e, 0x5f, 0x55, 0x53, 0x45, 0x52, 0x5f, 0x43, 0x41,
    0x4e, 0x43, 0x45, 0x4c, 0x4c, 0x45, 0x44, 0x20, 0x7c, 0x0a, 0x7c, 0x20, 0x7c, 0x20, 0x55, 0x73,
    0x65, 0x72, 0x20, 0x61, 0x63, 0x74, 0x69, 0x76, 0x65, 0x6c, 0x79, 0x20, 0x63, 0x61, 0x6e, 0x63,
    0x65, 0x6c, 0x65, 0x64, 0x20, 0x7c, 0x20, 0x50, 0x41, 0x59, 0x5f, 0x46, 0x41, 0x49, 0x4c, 0x55,
    0x52, 0x45, 0x5f, 0x52, 0x45, 0x41, 0x53, 0x4f, 0x4e, 0x5f, 0x55, 0x53, 0x45, 0x52, 0x5f, 0x43,
    0x41, 0x4e, 0x43, 0x45, 0x4c, 0x4c, 0x45, 0x44, 0x20, 0x7c, 0x0a, 0x7c, 0x20, 0x7c, 0x20, 0x43,
    0x61, 0x6e, 0x63, 0x65, 0x6c, 0x65, 0x64, 0x20, 0x76, 0x69, 0x61, 0x20, 0x41, 0x50, 0x49, 0x20,
    0x7c, 0x20, 0x50, 0x41, 0x59, 0x5f, 0x46, 0x41, 0x49, 0x4c, 0x55, 0x52, 0x45, 0x5f, 0x52, 0x45,
    0x41, 0x53, 0x4f, 0x4e, 0x5f, 0x41, 0x50, 0x49, 0x5f, 0x43, 0x41, 0x4e, 0x43, 0x45, 0x4c, 0x4c,
    0x45, 0x44, 0x20, 0x7c, 0x0a, 0x7c, 0x20, 0x7c, 0x20, 0x50, 0x61, 0x79, 0x6d, 0x65, 0x6e, 0x74,
    0x20, 0x66, 0x61, 0x69, 0x6c, 0x65, 0x64, 0x20, 0x28, 0x6e, 0x6f, 0x20, 0x64, 0x65, 0x62, 0x69,
    0x74, 0x29, 0x20, 0x7c, 0x20, 0x50, 0x41, 0x59, 0x5f, 0x46, 0x41, 0x49, 0x4c, 0x55, 0x52, 0x45,
    0x5f, 0x52, 0x45, 0x41, 0x53, 0x4f, 0x4e, 0x5f, 0x50, 0x41, 0x59, 0x4d, 0x45, 0x4e, 0x54, 0x5f,
    0x46, 0x41, 0x49, 0x4c, 0x45, 0x44, 0x20, 0x7c, 0x0a, 0x7c, 0x20, 0x50, 0x61, 0x79, 0x6d, 0x65,
    0x6e, 0x74, 0x20, 0x61, 0x63, 0x63, 0x65, 0x70, 0x74, 0x65, 0x64, 0x20, 0x7c, 0x20, 0x4e, 0x6f,
    0x20, 0x72, 0x65, 0x73, 0x70, 0x6f, 0x6e, 0x73, 0x65, 0x20, 0x66, 0x72, 0x6f, 0x6d, 0x20, 0x41,
    0x50, 0x49, 0x20, 0x7c, 0x20, 0x50, 0x61, 0x79, 0x53, 0x75, 0x63, 0x63, 0x65, 0x73, 0x73, 0x20,
    0x7c, 0x0a, 0x3c, 0x2f, 0x64, 0x65, 0x74, 0x61, 0x69, 0x6c, 0x73, 0x3e, 0x0a, 0x0a, 0x3c, 0x64,
    0x65, 0x74, 0x61, 0x69, 0x6c, 0x73, 0x3e, 0x0a, 0x3c, 0x73, 0x75, 0x6d, 0x6d, 0x61, 0x72, 0x79,
    0x3e, 0x45, 0x78, 0x61, 0x6d, 0x70, 0x6c, 0x65, 0x73, 0x3c, 0x2f, 0x73, 0x75, 0x6d, 0x6d, 0x61,
    0x72, 0x79, 0x3e, 0x0a, 0x0a, 0x23, 0x23, 0x23, 0x23, 0x23, 0x23, 0x20, 0x46, 0x75, 0x6c, 0x6c,
    0x20, 0x70, 0x61, 0x79, 0x6d, 0x65, 0x6e, 0x74, 0x20, 0x70, 0x72, 0x6f, 0x63, 0x65, 0x73, 0x73,
    0x20, 0x77, 0x69, 0x74, 0x68, 0x20, 0x61, 0x67, 0x65, 0x20, 0x76, 0x65, 0x72, 0x69, 0x66, 0x69,
    0x63, 0x61, 0x74, 0x69, 0x6f, 0x6e, 0x20, 0x28, 0x6e, 0x6f, 0x20, 0x65, 0x72, 0x72, 0x6f, 0x72,
    0x73, 0x29, 0x0a, 0x0a, 0x3e, 0x20, 0x2a, 0x2a, 0x2d, 0x3e, 0x2a, 0x2a, 0x20, 0x7b, 0x22, 0x73,
    0x74, 0x61, 0x72, 0x74, 0x22, 0x3a, 0x20, 0x7b, 0x22, 0x61, 0x6d, 0x6f, 0x75, 0x6e, 0x74, 0x22,
    0x3a, 0x20, 0x31, 0x30, 0x30, 0x2c, 0x20, 0x22, 0x61, 0x67, 0x65, 0x5f, 0x76, 0x65, 0x72, 0x69,
    0x66, 0x69, 0x63, 0x61, 0x74, 0x69, 0x6f, 0x6e, 0x22, 0x3a, 0x20, 0x7b, 0x22, 0x6d, 0x69, 0x6e,
    0x5f, 0x61, 0x67, 0x65, 0x22, 0x3a, 0x20, 0x31, 0x38, 0x7d, 0x7d, 0x7d, 0x0a, 0x0a, 0x3e, 0x20,
    0x2a, 0x2a, 0x5c, 0x3c, 0x2d, 0x2a, 0x2a, 0x20, 0x7b, 0x22, 0x69, 0x64, 0x22, 0x3a, 0x20, 0x7b,
    0x22, 0x6d, 0x73, 0x62, 0x22, 0x3a, 0x20, 0x22, 0x31, 0x30, 0x32, 0x34, 0x39, 0x31, 0x35, 0x34,
    0x37, 0x37, 0x37, 0x34, 0x30, 0x37, 0x35, 0x37, 0x31, 0x37, 0x38, 0x39, 0x22, 0x2c, 0x20, 0x22,
    0x6c, 0x73, 0x62, 0x22, 0x3a, 0x20, 0x22, 0x31, 0x31, 0x32, 0x38, 0x32, 0x39, 0x31, 0x32, 0x35,
    0x31, 0x38, 0x35, 0x32, 0x39, 0x35, 0x38, 0x31, 0x35, 0x31, 0x36, 0x22, 0x7d, 0x2c, 0x20, 0x22,
    0x61, 0x67, 0x65, 0x41, 0x70, 0x69, 0x53, 0x75, 0x63, 0x63, 0x65, 0x73, 0x73, 0x22, 0x3a, 0x20,
    0x7b, 0x20, 0x22, 0x72, 0x65, 0x61, 0x73, 0x6f, 0x6e, 0x22, 0x3a, 0x20, 0x22, 0x41, 0x47, 0x45,
    0x5f, 0x41, 0x50, 0x49, 0x5f, 0x53, 0x55, 0x43, 0x43, 0x45, 0x53, 0x53, 0x5f, 0x52, 0x45, 0x41,
    0x53, 0x4f, 0x4e, 0x5f, 0x56, 0x45, 0x52, 0x49, 0x46, 0x49, 0x43, 0x41, 0x54, 0x49, 0x4f, 0x4e,
    0x5f, 0x53, 0x54, 0x41, 0x52, 0x54, 0x45, 0x44, 0x22, 0x20, 0x7d, 0x7d, 0x0a, 0x0a, 0x2d, 0x20,
    0x2a, 0x41, 0x67, 0x65, 0x20, 0x56, 0x65, 0x72, 0x69, 0x66, 0x69, 0x63, 0x61, 0x74, 0x69, 0x6f,
    0x6e, 0x20, 0x6f, 0x6e, 0x20, 0x64, 0x65, 0x76, 0x69, 0x63, 0x65, 0x2a, 0x20, 0x28, 0x73, 0x75,
    0x63, 0x63, 0x65, 0x73, 0x73, 0x29, 0x0a, 0x0a, 0x3e, 0x20, 0x2a, 0x2a, 0x5c, 0x3c, 0x2d, 0x2a,
    0x2a, 0x20, 0x7b, 0x22, 0x69, 0x64, 0x22, 0x3a, 0x20, 0x7b, 0x22, 0x6d, 0x73, 0x62, 0x22, 0x3a,
    0x20, 0x22, 0x31, 0x30, 0x32, 0x34, 0x39, 0x31, 0x35, 0x34, 0x37, 0x37, 0x37, 0x34, 0x30, 0x37,
    0x35, 0x37, 0x31, 0x37, 0x38, 0x39, 0x22, 0x2c, 0x20, 0x22, 0x6c, 0x73, 0x62, 0x22, 0x3a, 0x20,
    0x22, 0x31, 0x31, 0x32, 0x38, 0x32, 0x39, 0x31, 0x32, 0x35, 0x31, 0x38, 0x35, 0x32, 0x39, 0x35,
    0x38, 0x31, 0x35, 0x31, 0x36, 0x22, 0x7d, 0x2c, 0x20, 0x22, 0x61, 0x67, 0x65, 0x53, 0x75, 0x63,
    0x63, 0x65, 0x73, 0x73, 0x22, 0x3a, 0x20, 0x7b, 0x7d, 0x7d, 0x0a, 0x0a, 0x3e, 0x20, 0x2a, 0x2a,
    0x5c, 0x3c, 0x2d, 0x2a, 0x2a, 0x20, 0x7b, 0x22, 0x69, 0x64, 0x22, 0x3a, 0x20, 0x7b, 0x22, 0x6d,
    0x73, 0x62, 0x22, 0x3a, 0x20, 0x22, 0x31, 0x30, 0x32, 0x34, 0x39, 0x31, 0x35, 0x34, 0x37, 0x37,
    0x37, 0x34, 0x30, 0x37, 0x35, 0x37, 0x31, 0x37, 0x38, 0x39, 0x22, 0x2c, 0x20, 0x22, 0x6c, 0x73,
    0x62, 0x22, 0x3a, 0x20, 0x22, 0x31, 0x31, 0x32, 0x38, 0x32, 0x39, 0x31, 0x32, 0x35, 0x31, 0x38,
    0x35, 0x32, 0x39, 0x35, 0x38, 0x31, 0x35, 0x31, 0x36, 0x22, 0x7d, 0x2c, 0x20, 0x22, 0x61, 0x70,
    0x69, 0x53, 0x75, 0x63, 0x63, 0x65, 0x73, 0x73, 0x22, 0x3a, 0x20, 0x7b, 0x22, 0x72, 0x65, 0x61,
    0x73, 0x6f, 0x6e, 0x22, 0x3a, 0x20, 0x22, 0x50, 0x41, 0x59, 0x5f, 0x41, 0x50, 0x49, 0x5f, 0x53,
    0x55, 0x43, 0x43, 0x45, 0x53, 0x53, 0x5f, 0x52, 0x45, 0x41, 0x53, 0x4f, 0x4e, 0x5f, 0x50, 0x41,
    0x59, 0x4d, 0x45, 0x4e, 0x54, 0x5f, 0x53, 0x54, 0x41, 0x52, 0x54, 0x45, 0x44, 0x22, 0x7d, 0x7d,
    0x0a, 0x0a, 0x2d, 0x20, 0x2a, 0x50, 0x61, 0x79, 0x6d, 0x65, 0x6e, 0x74, 0x20, 0x6f, 0x6e, 0x20,
    0x64, 0x65, 0x76, 0x69, 0x63, 0x65, 0x2a, 0x20, 0x28, 0x73, 0x75, 0x63, 0x63, 0x65, 0x73, 0x73,
    0x29, 0x0a, 0x0a, 0x3e, 0x20, 0x2a, 0x2a, 0x5c, 0x3c, 0x2d, 0x2a, 0x2a, 0x20, 0x7b, 0x22, 0x69,
    0x64, 0x22, 0x3a, 0x20, 0x7b, 0x22, 0x6d, 0x73, 0x62, 0x22, 0x3a, 0x20, 0x22, 0x31, 0x30, 0x32,
    0x34, 0x39, 0x31, 0x35, 0x34, 0x37, 0x37, 0x37, 0x34, 0x30, 0x37, 0x35, 0x37, 0x31, 0x37, 0x38,
    0x39, 0x22, 0x2c, 0x20, 0x22, 0x6c, 0x73, 0x62, 0x22, 0x3a, 0x20, 0x22, 0x31, 0x31, 0x32, 0x38,
    0x32, 0x39, 0x31, 0x32, 0x35, 0x31, 0x38, 0x35, 0x32, 0x39, 0x35, 0x38, 0x31, 0x35, 0x31, 0x36,
    0x22, 0x7d, 0x2c, 0x20, 0x22, 0x61, 0x70, 0x70, 0x72, 0x6f, 0x76, 0x65, 0x64, 0x22, 0x3a, 0x20,
    0x7b, 0x22, 0x61, 0x6d, 0x6f, 0x75, 0x6e, 0x74, 0x22, 0x3a, 0x20, 0x31, 0x30, 0x30, 0x7d, 0x7d,
    0x0a, 0x0a, 0x3e, 0x20, 0x2a, 0x2a, 0x2d, 0x3e, 0x2a, 0x2a, 0x20, 0x7b, 0x22, 0x67, 0x6f, 0x6f,
    0x64, 0x73, 0x5f, 0x69, 0x73, 0x73, 0x75, 0x65, 0x64, 0x22, 0x3a, 0x7b, 0x7d, 0x7d, 0x0a, 0x0a,
    0x3e, 0x20, 0x2a, 0x2a, 0x5c, 0x3c, 0x2d, 0x2a, 0x2a, 0x20, 0x7b, 0x22, 0x69, 0x64, 0x22, 0x3a,
    0x20, 0x7b, 0x22, 0x6d, 0x73, 0x62, 0x22, 0x3a, 0x20, 0x22, 0x31, 0x30, 0x32, 0x34, 0x39, 0x31,
    0x35, 0x34, 0x37, 0x37, 0x37, 0x34, 0x30, 0x37, 0x35, 0x37, 0x31, 0x37, 0x38, 0x39, 0x22, 0x2c,
    0x20, 0x22, 0x6c, 0x73, 0x62, 0x22, 0x3a, 0x20, 0x22, 0x31, 0x31, 0x32, 0x38, 0x32, 0x39, 0x31,
    0x32, 0x35, 0x31, 0x38, 0x35, 0x32, 0x39, 0x35, 0x38, 0x31, 0x35, 0x31, 0x36, 0x22, 0x7d, 0x2c,
    0x20, 0x22, 0x61, 0x70, 0x69, 0x53, 0x75, 0x63, 0x63, 0x65, 0x73, 0x73, 0x22, 0x3a, 0x20, 0x7b,
    0x20, 0x22, 0x72, 0x65, 0x61, 0x73, 0x6f, 0x6e, 0x22, 0x3a, 0x20, 0x22, 0x50, 0x41, 0x59, 0x5f,
    0x41, 0x50, 0x49, 0x5f, 0x53, 0x55, 0x43, 0x43, 0x45, 0x53, 0x53, 0x5f, 0x52, 0x45, 0x41, 0x53,
    0x4f, 0x4e, 0x5f, 0x47, 0x4f, 0x4f, 0x44, 0x53, 0x5f, 0x49, 0x53, 0x53, 0x55, 0x45, 0x44, 0x5f,
    0x41, 0x43, 0x43, 0x45, 0x50, 0x54, 0x45, 0x44, 0x22, 0x7d, 0x7d, 0x0a, 0x0a, 0x3e, 0x20, 0x2a,
    0x2a, 0x5c, 0x3c, 0x2d, 0x2a, 0x2a, 0x20, 0x7b, 0x22, 0x69, 0x64, 0x22, 0x3a, 0x20, 0x7b, 0x22,
    0x6d, 0x73, 0x62, 0x22, 0x3a, 0x20, 0x22, 0x31, 0x30, 0x32, 0x34, 0x39, 0x31, 0x35, 0x34, 0x37,
    0x37, 0x37, 0x34, 0x30, 0x37, 0x35, 0x37, 0x31, 0x37, 0x38, 0x39, 0x22, 0x2c, 0x20, 0x22, 0x6c,
    0x73, 0x62, 0x22, 0x3a, 0x20, 0x22, 0x31, 0x31, 0x32, 0x38, 0x32, 0x39, 0x31, 0x32, 0x35, 0x31,
    0x38, 0x35, 0x32, 0x39, 0x35, 0x38, 0x31, 0x35, 0x31, 0x36, 0x22, 0x7d, 0x2c, 0x20, 0x22, 0x73,
    0x75, 0x63, 0x63, 0x65, 0x73, 0x73, 0x22, 0x3a, 0x20, 0x7b, 0x7d, 0x7d, 0x0a, 0x0a, 0x23, 0x23,
    0x23, 0x23, 0x23, 0x23, 0x20, 0x46, 0x75, 0x6c, 0x6c, 0x20, 0x70, 0x61, 0x79, 0x6d, 0x65, 0x6e,
    0x74, 0x20, 0x70, 0x72, 0x6f, 0x63, 0x65, 0x73, 0x73, 0x20, 0x77, 0x69, 0x74, 0x68, 0x20, 0x65,
    0x78, 0x74, 0x65, 0x72, 0x6e, 0x61, 0x6c, 0x20, 0x61, 0x67, 0x65, 0x20, 0x76, 0x65, 0x72, 0x69,
    0x66, 0x69, 0x63, 0x61, 0x74, 0x69, 0x6f, 0x6e, 0x20, 0x28, 0x41, 0x67, 0x65, 0x41, 0x70, 0x70,
    0x72, 0x6f, 0x76, 0x65, 0x52, 0x65, 0x71, 0x75, 0x65, 0x73, 0x74, 0x29, 0x0a, 0x0a, 0x3e, 0x20,
    0x2a, 0x2a, 0x2d, 0x3e, 0x2a, 0x2a, 0x20, 0x7b, 0x22, 0x73, 0x74, 0x61, 0x72, 0x74, 0x22, 0x3a,
    0x20, 0x7b, 0x22, 0x61, 0x6d, 0x6f, 0x75, 0x6e, 0x74, 0x22, 0x3a, 0x20, 0x31, 0x30, 0x30, 0x2c,
    0x20, 0x22, 0x61, 0x67, 0x65, 0x5f, 0x76, 0x65, 0x72, 0x69, 0x66, 0x69, 0x63, 0x61, 0x74, 0x69,
    0x6f, 0x6e, 0x22, 0x3a, 0x20, 0x7b, 0x22, 0x6d, 0x69, 0x6e, 0x5f, 0x61, 0x67, 0x65, 0x22, 0x3a,
    0x20, 0x31, 0x38, 0x7d, 0x7d, 0x7d, 0x0a, 0x0a, 0x3e, 0x20, 0x2a, 0x2a, 0x5c, 0x3c, 0x2d, 0x2a,
    0x2a, 0x20, 0x7b, 0x22, 0x69, 0x64, 0x22, 0x3a, 0x20, 0x7b, 0x22, 0x6d, 0x73, 0x62, 0x22, 0x3a,
    0x20, 0x22, 0x31, 0x30, 0x32, 0x34, 0x39, 0x31, 0x35, 0x34, 0x37, 0x37, 0x37, 0x34, 0x30, 0x37,
    0x35, 0x37, 0x31, 0x37, 0x38, 0x39, 0x22, 0x2c, 0x20, 0x22, 0x6c, 0x73, 0x62, 0x22, 0x3a, 0x20,
    0x22, 0x31, 0x31, 0x32, 0x38, 0x32, 0x39, 0x31, 0x32, 0x35, 0x31, 0x38, 0x35, 0x32, 0x39, 0x35,
    0x38, 0x31, 0x35, 0x31, 0x36, 0x22, 0x7d, 0x2c, 0x20, 0x22, 0x61, 0x67, 0x65, 0x41, 0x70, 0x69,
    0x53, 0x75, 0x63, 0x63, 0x65, 0x73, 0x73, 0x22, 0x3a, 0x20, 0x7b, 0x20, 0x22, 0x72, 0x65, 0x61,
    0x73, 0x6f, 0x6e, 0x22, 0x3a, 0x20, 0x22, 0x41, 0x47, 0x45, 0x5f, 0x41, 0x50, 0x49, 0x5f, 0x53,
    0x55, 0x43, 0x43, 0x45, 0x53, 0x53, 0x5f, 0x52, 0x45, 0x41, 0x53, 0x4f, 0x4e, 0x5f, 0x56, 0x45,
    0x52, 0x49, 0x46, 0x49, 0x43, 0x41, 0x54, 0x49, 0x4f, 0x4e, 0x5f, 0x53, 0x54, 0x41, 0x52, 0x54,
    0x45, 0x44, 0x22, 0x20, 0x7d, 0x7d, 0x0a, 0x0a, 0x3e, 0x20, 0x2a, 0x2a, 0x2d, 0x3e, 0x2a, 0x2a,
    0x20, 0x7b, 0x22, 0x61, 0x67, 0x65, 0x41, 0x70, 0x70, 0x72, 0x6f, 0x76, 0x65, 0x22, 0x3a, 0x20,
    0x7b, 0x7d, 0x7d, 0x0a, 0x0a, 0x3e, 0x20, 0x2a, 0x2a, 0x5c, 0x3c, 0x2d, 0x2a, 0x2a, 0x20, 0x7b,
    0x22, 0x69, 0x64, 0x22, 0x3a, 0x20, 0x7b, 0x22, 0x6d, 0x73, 0x62, 0x22, 0x3a, 0x20, 0x22, 0x31,
    0x30, 0x32, 0x34, 0x39, 0x31, 0x35, 0x34, 0x37, 0x37, 0x37, 0x34, 0x30, 0x37, 0x35, 0x37, 0x31,
    0x37, 0x38, 0x39, 0x22, 0x2c, 0x20, 0x22, 0x6c, 0x73, 0x62, 0x22, 0x3a, 0x20, 0x22, 0x31, 0x31,
    0x32, 0x38, 0x32, 0x39, 0x31, 0x32, 0x35, 0x31, 0x38, 0x35, 0x32, 0x39, 0x35, 0x38, 0x31, 0x35,
    0x31, 0x36, 0x22, 0x7d, 0x2c, 0x20, 0x22, 0x61, 0x67, 0x65, 0x53, 0x75, 0x63, 0x63, 0x65, 0x73,
    0x73, 0x22, 0x3a, 0x20, 0x7b, 0x7d, 0x7d, 0x0a, 0x0a, 0x3e, 0x20, 0x2a, 0x2a, 0x5c, 0x3c, 0x2d,
    0x2a, 0x2a, 0x20, 0x7b, 0x22, 0x69, 0x64, 0x22, 0x3a, 0x20, 0x7b, 0x22, 0x6d, 0x73, 0x62, 0x22,
    0x3a, 0x20, 0x22, 0x31, 0x30, 0x32, 0x34, 0x39, 0x31, 0x35, 0x34, 0x37, 0x37, 0x37, 0x34, 0x30,
    0x37, 0x35, 0x37, 0x31, 0x37, 0x38, 0x39, 0x22, 0x2c, 0x20, 0x22, 0x6c, 0x73, 0x62, 0x22, 0x3a,
    0x20, 0x22, 0x31, 0x31, 0x32, 0x38, 0x32, 0x39, 0x31, 0x32, 0x35, 0x31, 0x38, 0x35, 0x32, 0x39,
    0x35, 0x38, 0x31, 0x35, 0x31, 0x36, 0x22, 0x7d, 0x2c, 0x20, 0x22, 0x61, 0x70, 0x69, 0x53, 0x75,
    0x63, 0x63, 0x65, 0x73, 0x73, 0x22, 0x3a, 0x20, 0x7b, 0x22, 0x72, 0x65, 0x61, 0x73, 0x6f, 0x6e,
    0x22, 0x3a, 0x20, 0x22, 0x50, 0x41, 0x59, 0x5f, 0x41, 0x50, 0x49, 0x5f, 0x53, 0x55, 0x43, 0x43,
    0x45, 0x53, 0x53, 0x5f, 0x52, 0x45, 0x41, 0x53, 0x4f, 0x4e, 0x5f, 0x50, 0x41, 0x59, 0x4d, 0x45,
    0x4e, 0x54, 0x5f, 0x53, 0x54, 0x41, 0x52, 0x54, 0x45, 0x44, 0x22, 0x7d, 0x7d, 0x0a, 0x0a, 0x2d,
    0x20, 0x2a, 0x50, 0x61, 0x79, 0x6d, 0x65, 0x6e, 0x74, 0x20, 0x6f, 0x6e, 0x20, 0x64, 0x65, 0x76,
    0x69, 0x63, 0x65, 0x2a, 0x20, 0x28, 0x73, 0x75, 0x63, 0x63, 0x65, 0x73, 0x73, 0x29, 0x0a, 0x0a,
    0x3e, 0x20, 0x2a, 0x2a, 0x5c, 0x3c, 0x2d, 0x2a, 0x2a, 0x20, 0x7b, 0x22, 0x69, 0x64, 0x22, 0x3a,
    0x20, 0x7b, 0x22, 0x6d, 0x73, 0x62, 0x22, 0x3a, 0x20, 0x22, 0x31, 0x30, 0x32, 0x34, 0x39, 0x31,
    0x35, 0x34, 0x37, 0x37, 0x37, 0x34, 0x30, 0x37, 0x35, 0x37, 0x31, 0x37, 0x38, 0x39, 0x22, 0x2c,
    0x20, 0x22, 0x6c, 0x73, 0x62, 0x22, 0x3a, 0x20, 0x22, 0x31, 0x31, 0x32, 0x38, 0x32, 0x39, 0x31,
    0x32, 0x35, 0x31, 0x38, 0x35, 0x32, 0x39, 0x35, 0x38, 0x31, 0x35, 0x31, 0x36, 0x22, 0x7d, 0x2c,
    0x20, 0x22, 0x61, 0x70, 0x70, 0x72, 0x6f, 0x76, 0x65, 0x64, 0x22, 0x3a, 0x20, 0x7b, 0x22, 0x61,
    0x6d, 0x6f, 0x75, 0x6e, 0x74, 0x22, 0x3a, 0x20, 0x31, 0x30, 0x30, 0x7d, 0x7d, 0x0a, 0x0a, 0x3e,
    0x20, 0x2a, 0x2a, 0x2d, 0x3e, 0x2a, 0x2a, 0x20, 0x7b, 0x22, 0x67, 0x6f, 0x6f, 0x64, 0x73, 0x5f,
    0x69, 0x73, 0x73, 0x75, 0x65, 0x64, 0x22, 0x3a, 0x7b, 0x7d, 0x7d, 0x0a, 0x0a, 0x3e, 0x20, 0x2a,
    0x2a, 0x5c, 0x3c, 0x2d, 0x2a, 0x2a, 0x20, 0x7b, 0x22, 0x69, 0x64, 0x22, 0x3a, 0x20, 0x7b, 0x22,
    0x6d, 0x73, 0x62, 0x22, 0x3a, 0x20, 0x22, 0x31, 0x30, 0x32, 0x34, 0x39, 0x31, 0x35, 0x34, 0x37,
    0x37, 0x37, 0x34, 0x30, 0x37, 0x35, 0x37, 0x31, 0x37, 0x38, 0x39, 0x22, 0x2c, 0x20, 0x22, 0x6c,
    0x73, 0x62, 0x22, 0x3a, 0x20, 0x22, 0x31, 0x31, 0x32, 0x38, 0x32, 0x39, 0x31, 0x32, 0x35, 0x31,
    0x38, 0x35, 0x32, 0x39, 0x35, 0x38, 0x31, 0x35, 0x31, 0x36, 0x22, 0x7d, 0x2c, 0x20, 0x22, 0x61,
    0x70, 0x69, 0x53, 0x75, 0x63, 0x63, 0x65, 0x73, 0x73, 0x22, 0x3a, 0x20, 0x7b, 0x20, 0x22, 0x72,
    0x65, 0x61, 0x73, 0x6f, 0x6e, 0x22, 0x3a, 0x20, 0x22, 0x50, 0x41, 0x59, 0x5f, 0x41, 0x50, 0x49,
    0x5f, 0x53, 0x55, 0x43, 0x43, 0x45, 0x53, 0x53, 0x5f, 0x52, 0x45, 0x41, 0x53, 0x4f, 0x4e, 0x5f,
    0x47, 0x4f, 0x4f, 0x44, 0x53, 0x5f, 0x49, 0x53, 0x53, 0x55, 0x45, 0x44, 0x5f, 0x41, 0x43, 0x43,
    0x45, 0x50, 0x54, 0x45, 0x44, 0x22, 0x7d, 0x7d, 0x0a, 0x0a, 0x3e, 0x20, 0x2a, 0x2a, 0x5c, 0x3c,
    0x2d, 0x2a, 0x2a, 0x20, 0x7b, 0x22, 0x69, 0x64, 0x22, 0x3a, 0x20, 0x7b, 0x22, 0x6d, 0x73, 0x62,
    0x22, 0x3a, 0x20, 0x22, 0x31, 0x30, 0x32, 0x34, 0x39, 0x31, 0x35, 0x34, 0x37, 0x37, 0x37, 0x34,
    0x30, 0x37, 0x35, 0x37, 0x31, 0x37, 0x38, 0x39, 0x22, 0x2c, 0x20, 0x22, 0x6c, 0x73, 0x62, 0x22,
    0x3a, 0x20, 0x22, 0x31, 0x31, 0x32, 0x38, 0x32, 0x39, 0x31, 0x32, 0x35, 0x31, 0x38, 0x35, 0x32,
    0x39, 0x35, 0x38, 0x31, 0x35, 0x31, 0x36, 0x22, 0x7d, 0x2c, 0x20, 0x22, 0x73, 0x75, 0x63, 0x63,
    0x65, 0x73, 0x73, 0x22, 0x3a, 0x20, 0x7b, 0x7d, 0x7d, 0x0a, 0x0a, 0x23, 0x23, 0x23, 0x23, 0x23,
    0x23, 0x20, 0x50, 0x61, 0x79, 0x6d, 0x65, 0x6e, 0x74, 0x20, 0x70, 0x72, 0x6f, 0x63, 0x65, 0x73,
    0x73, 0x20, 0x77, 0x69, 0x74, 0x68, 0x6f, 0x75, 0x74, 0x20, 0x61, 0x67, 0x65, 0x20, 0x76, 0x65,
    0x72, 0x69, 0x66, 0x69, 0x63, 0x61, 0x74, 0x69, 0x6f, 0x6e, 0x20, 0x28, 0x6e, 0x6f, 0x20, 0x65,
    0x72, 0x72, 0x6f, 0x72, 0x73, 0x2c, 0x20, 0x75, 0x73, 0x69, 0x6e, 0x67, 0x20, 0x70, 0x72, 0x65,
    0x2d, 0x67, 0x65, 0x6e, 0x65, 0x72, 0x61, 0x74, 0x65, 0x64, 0x20, 0x55, 0x55, 0x49, 0x44, 0x73,
    0x29, 0x0a, 0x0a, 0x3e, 0x20, 0x2a, 0x2a, 0x2d, 0x3e, 0x2a, 0x2a, 0x20, 0x7b, 0x22, 0x69, 0x64,
    0x22, 0x3a, 0x7b, 0x22, 0x6d, 0x73, 0x62, 0x22, 0x3a, 0x35, 0x2c, 0x20, 0x22, 0x6c, 0x73, 0x62,
    0x22, 0x3a, 0x30, 0x7d, 0x2c, 0x20, 0x22, 0x73, 0x74, 0x61, 0x72, 0x74, 0x22, 0x3a, 0x20, 0x7b,
    0x22, 0x61, 0x6d, 0x6f, 0x75, 0x6e, 0x74, 0x22, 0x3a, 0x20, 0x31, 0x30, 0x30, 0x7d, 0x7d, 0x0a,
    0x0a, 0x3e, 0x20, 0x2a, 0x2a, 0x5c, 0x3c, 0x2d, 0x2a, 0x2a, 0x20, 0x7b, 0x22, 0x69, 0x64, 0x22,
    0x3a, 0x20, 0x7b, 0x22, 0x6d, 0x73, 0x62, 0x22, 0x3a, 0x20, 0x22, 0x35, 0x22, 0x7d, 0x2c, 0x20,
    0x22, 0x61, 0x70, 0x69, 0x53, 0x75, 0x63, 0x63, 0x65, 0x73, 0x73, 0x22, 0x3a, 0x20, 0x7b, 0x22,
    0x72, 0x65, 0x61, 0x73, 0x6f, 0x6e, 0x22, 0x3a, 0x20, 0x22, 0x50, 0x41, 0x59, 0x5f, 0x41, 0x50,
    0x49, 0x5f, 0x53, 0x55, 0x43, 0x43, 0x45, 0x53, 0x53, 0x5f, 0x52, 0x45, 0x41, 0x53, 0x4f, 0x4e,
    0x5f, 0x50, 0x41, 0x59, 0x4d, 0x45, 0x4e, 0x54, 0x5f, 0x53, 0x54, 0x41, 0x52, 0x54, 0x45, 0x44,
    0x22, 0x7d, 0x7d, 0x0a, 0x0a, 0x2d, 0x20, 0x2a, 0x50, 0x61, 0x79, 0x6d, 0x65, 0x6e, 0x74, 0x20,
    0x6f, 0x6e, 0x20, 0x64, 0x65, 0x76, 0x69, 0x63, 0x65, 0x2a, 0x20, 0x28, 0x73, 0x75, 0x63, 0x63,
    0x65, 0x73, 0x73, 0x29, 0x0a, 0x0a, 0x3e, 0x20, 0x2a, 0x2a, 0x5c, 0x3c, 0x2d, 0x2a, 0x2a, 0x20,
    0x7b, 0x22, 0x69, 0x64, 0x22, 0x3a, 0x20, 0x7b, 0x22, 0x6d, 0x73, 0x62, 0x22, 0x3a, 0x20, 0x22,
    0x35, 0x22, 0x7d, 0x2c, 0x20, 0x22, 0x61, 0x70, 0x70, 0x72, 0x6f, 0x76, 0x65, 0x64, 0x22, 0x3a,
    0x20, 0x7b, 0x22, 0x61, 0x6d, 0x6f, 0x75, 0x6e, 0x74, 0x22, 0x3a, 0x20, 0x31, 0x30, 0x30, 0x7d,
    0x7d, 0x0a, 0x0a, 0x3e, 0x20, 0x2a, 0x2a, 0x2d, 0x3e, 0x2a, 0x2a, 0x20, 0x7b, 0x22, 0x69, 0x64,
    0x22, 0x3a, 0x20, 0x7b, 0x22, 0x6d, 0x73, 0x62, 0x22, 0x3a, 0x35, 0x2c, 0x20, 0x22, 0x6c, 0x73,
    0x62, 0x22, 0x3a, 0x30, 0x7d, 0x2c, 0x20, 0x22, 0x67, 0x6f, 0x6f, 0x64, 0x73, 0x5f, 0x69, 0x73,
    0x73, 0x75, 0x65, 0x64, 0x22, 0x3a, 0x20, 0x7b, 0x7d, 0x7d, 0x0a, 0x0a, 0x3e, 0x20, 0x2a, 0x2a,
    0x5c, 0x3c, 0x2d, 0x2a, 0x2a, 0x20, 0x7b, 0x22, 0x69, 0x64, 0x22, 0x3a, 0x20, 0x7b, 0x22, 0x6d,
    0x73, 0x62, 0x22, 0x3a, 0x20, 0x22, 0x35, 0x22, 0x7d, 0x2c, 0x20, 0x22, 0x61, 0x70, 0x69, 0x53,
    0x75, 0x63, 0x63, 0x65, 0x73, 0x73, 0x22, 0x3a, 0x20, 0x7b, 0x20, 0x22, 0x72, 0x65, 0x61, 0x73,
    0x6f, 0x6e, 0x22, 0x3a, 0x20, 0x22, 0x50, 0x41, 0x59, 0x5f, 0x41, 0x50, 0x49, 0x5f, 0x53, 0x55,
    0x43, 0x43, 0x45, 0x53, 0x53, 0x5f, 0x52, 0x45, 0x41, 0x53, 0x4f, 0x4e, 0x5f, 0x47, 0x4f, 0x4f,
    0x44, 0x53, 0x5f, 0x49, 0x53, 0x53, 0x55, 0x45, 0x44, 0x5f, 0x41, 0x43, 0x43, 0x45, 0x50, 0x54,
    0x45, 0x44, 0x22, 0x20, 0x7d, 0x7d, 0x0a, 0x0a, 0x3e, 0x20, 0x2a, 0x2a, 0x5c, 0x3c, 0x2d, 0x2a,
    0x2a, 0x20, 0x7b, 0x22, 0x69, 0x64, 0x22, 0x3a, 0x20, 0x7b, 0x22, 0x6d, 0x73, 0x62, 0x22, 0x3a,
    0x20, 0x22, 0x35, 0x22, 0x7d, 0x2c, 0x20, 0x22, 0x73, 0x75, 0x63, 0x63, 0x65, 0x73, 0x73, 0x22,
    0x3a, 0x20, 0x7b, 0x7d, 0x7d, 0x0a, 0x0a, 0x23, 0x23, 0x23, 0x23, 0x23, 0x23, 0x20, 0x50, 0x61,
    0x79, 0x6d, 0x65, 0x6e, 0x74, 0x20, 0x70, 0x72, 0x6f, 0x63, 0x65, 0x73, 0x73, 0x20, 0x77, 0x69,
    0x74, 0x68, 0x6f, 0x75, 0x74, 0x20, 0x61, 0x67, 0x65, 0x20, 0x76, 0x65, 0x72, 0x69, 0x66, 0x69,
    0x63, 0x61, 0x74, 0x69, 0x6f, 0x6e, 0x20, 0x28, 0x70, 0x61, 0x79, 0x6d, 0x65, 0x6e, 0x74, 0x20,
    0x66, 0x61, 0x69, 0x6c, 0x65, 0x64, 0x29, 0x0a, 0x0a, 0x3e, 0x20, 0x2a, 0x2a, 0x2d, 0x3e, 0x2a,
    0x2a, 0x20, 0x7b, 0x22, 0x73, 0x74, 0x61, 0x72, 0x74, 0x22, 0x3a, 0x20, 0x7b, 0x22, 0x61, 0x6d,
    0x6f, 0x75, 0x6e, 0x74, 0x22, 0x3a, 0x20, 0x32, 0x32, 0x30, 0x7d, 0x7d, 0x0a, 0x0a, 0x3e, 0x20,
    0x2a, 0x2a, 0x5c, 0x3c, 0x2d, 0x2a, 0x2a, 0x20, 0x7b, 0x22, 0x69, 0x64, 0x22, 0x3a, 0x20, 0x7b,
    0x22, 0x6d, 0x73, 0x62, 0x22, 0x3a, 0x20, 0x22, 0x33, 0x37, 0x35, 0x30, 0x32, 0x39, 0x38, 0x38,
    0x35, 0x39, 0x39, 0x39, 0x31, 0x37, 0x34, 0x37, 0x30, 0x39, 0x32, 0x22, 0x2c, 0x20, 0x22, 0x6c,
    0x73, 0x62, 0x22, 0x3a, 0x20, 0x22, 0x31, 0x30, 0x33, 0x32, 0x33, 0x32, 0x32, 0x34, 0x33, 0x31,
    0x38, 0x36, 0x36, 0x34, 0x37, 0x34, 0x30, 0x32, 0x36, 0x30, 0x22, 0x7d, 0x2c, 0x20, 0x22, 0x61,
    0x70, 0x69, 0x53, 0x75, 0x63, 0x63, 0x65, 0x73, 0x73, 0x22, 0x3a, 0x20, 0x7b, 0x22, 0x72, 0x65,
    0x61, 0x73, 0x6f, 0x6e, 0x22, 0x3a, 0x20, 0x22, 0x50, 0x41, 0x59, 0x5f, 0x41, 0x50, 0x49, 0x5f,
    0x53, 0x55, 0x43, 0x43, 0x45, 0x53, 0x53, 0x5f, 0x52, 0x45, 0x41, 0x53, 0x4f, 0x4e, 0x5f, 0x50,
    0x41, 0x59, 0x4d, 0x45, 0x4e, 0x54, 0x5f, 0x53, 0x54, 0x41, 0x52, 0x54, 0x45, 0x44, 0x22, 0x7d,
    0x7d, 0x0a, 0x0a, 0x2d, 0x20, 0x2a, 0x50, 0x61, 0x79, 0x6d, 0x65, 0x6e, 0x74, 0x20, 0x6f, 0x6e,
    0x20, 0x64, 0x65, 0x76, 0x69, 0x63, 0x65, 0x2a, 0x20, 0x28, 0x66, 0x61, 0x69, 0x6c, 0x65, 0x64,
    0x29, 0x0a, 0x0a, 0x3e, 0x20, 0x2a, 0x2a, 0x5c, 0x3c, 0x2d, 0x2a, 0x2a, 0x20, 0x7b, 0x22, 0x69,
    0x64, 0x22, 0x3a, 0x20, 0x7b, 0x22, 0x6d, 0x73, 0x62, 0x22, 0x3a, 0x20, 0x22, 0x33, 0x37, 0x35,
    0x30, 0x32, 0x39, 0x38, 0x38, 0x35, 0x39, 0x39, 0x39, 0x31, 0x37, 0x34, 0x37, 0x30, 0x39, 0x32,
    0x22, 0x2c, 0x20, 0x22, 0x6c, 0x73, 0x62, 0x22, 0x3a, 0x20, 0x22, 0x31, 0x30, 0x33, 0x32, 0x33,
    0x32, 0x32, 0x34, 0x33, 0x31, 0x38, 0x36, 0x36, 0x34, 0x37, 0x34, 0x30, 0x32, 0x36, 0x30, 0x22,
    0x7d, 0x2c, 0x20, 0x22, 0x66, 0x61, 0x69, 0x6c, 0x75, 0x72, 0x65, 0x22, 0x3a, 0x20, 0x7b, 0x22,
    0x66, 0x61, 0x69, 0x6c, 0x75, 0x72, 0x65, 0x52, 0x65, 0x61, 0x73, 0x6f, 0x6e, 0x22, 0x3a, 0x20,
    0x22, 0x50, 0x41, 0x59, 0x5f, 0x46, 0x41, 0x49, 0x4c, 0x55, 0x52, 0x45, 0x5f, 0x52, 0x45, 0x41,
    0x53, 0x4f, 0x4e, 0x5f, 0x50, 0x41, 0x59, 0x4d, 0x45, 0x4e, 0x54, 0x5f, 0x46, 0x41, 0x49, 0x4c,
    0x45, 0x44, 0x22, 0x7d, 0x7d, 0x0a, 0x0a, 0x23, 0x23, 0x23, 0x23, 0x23, 0x23, 0x20, 0x46, 0x75,
    0x6c, 0x6c, 0x20, 0x70, 0x61, 0x79, 0x6d, 0x65, 0x6e, 0x74, 0x20, 0x70, 0x72, 0x6f, 0x63, 0x65,
    0x73, 0x73, 0x20, 0x77, 0x69, 0x74, 0x68, 0x20, 0x61, 0x67, 0x65, 0x20, 0x76, 0x65, 0x72, 0x69,
    0x66, 0x69, 0x63, 0x61, 0x74, 0x69, 0x6f, 0x6e, 0x20, 0x28, 0x61, 0x67, 0x65, 0x20, 0x76, 0x65,
    0x72, 0x69, 0x66, 0x69, 0x63, 0x61, 0x74, 0x69, 0x6f, 0x6e, 0x20, 0x66, 0x61, 0x69, 0x6c, 0x65,
    0x64, 0x29, 0x0a, 0x0a, 0x3e, 0x20, 0x2a, 0x2a, 0x2d, 0x3e, 0x2a, 0x2a, 0x20, 0x7b, 0x22, 0x73,
    0x74, 0x61, 0x72, 0x74, 0x22, 0x3a, 0x20, 0x7b, 0x22, 0x61, 0x6d, 0x6f, 0x75, 0x6e, 0x74, 0x22,
    0x3a, 0x20, 0x31, 0x30, 0x30, 0x2c, 0x20, 0x22, 0x61, 0x67, 0x65, 0x5f, 0x76, 0x65, 0x72, 0x69,
    0x66, 0x69, 0x63, 0x61, 0x74, 0x69, 0x6f, 0x6e, 0x22, 0x3a, 0x20, 0x7b, 0x22, 0x6d, 0x69, 0x6e,
    0x5f, 0x61, 0x67, 0x65, 0x22, 0x3a, 0x20, 0x31, 0x38, 0x7d, 0x7d, 0x7d, 0x0a, 0x0a, 0x3e, 0x20,
    0x2a, 0x2a, 0x5c, 0x3c, 0x2d, 0x2a, 0x2a, 0x20, 0x7b, 0x22, 0x69, 0x64, 0x22, 0x3a, 0x20, 0x7b,
    0x22, 0x6d, 0x73, 0x62, 0x22, 0x3a, 0x20, 0x22, 0x32, 0x36, 0x31, 0x30, 0x33, 0x39, 0x37, 0x31,
    0x35, 0x31, 0x31, 0x30, 0x32, 0x31, 0x39, 0x30, 0x34, 0x32, 0x38, 0x22, 0x2c, 0x20, 0x22, 0x6c,
    0x73, 0x62, 0x22, 0x3a, 0x20, 0x22, 0x31, 0x31, 0x39, 0x31, 0x35, 0x34, 0x30, 0x38, 0x34, 0x31,
    0x33, 0x37, 0x31, 0x32, 0x32, 0x31, 0x38, 0x32, 0x36, 0x30, 0x22, 0x7d, 0x2c, 0x20, 0x22, 0x61,
    0x67, 0x65, 0x41, 0x70, 0x69, 0x53, 0x75, 0x63, 0x63, 0x65, 0x73, 0x73, 0x22, 0x3a, 0x20, 0x7b,
    0x22, 0x72, 0x65, 0x61, 0x73, 0x6f, 0x6e, 0x22, 0x3a, 0x20, 0x22, 0x41, 0x47, 0x45, 0x5f, 0x41,
    0x50, 0x49, 0x5f, 0x53, 0x55, 0x43, 0x43, 0x45, 0x53, 0x53, 0x5f, 0x52, 0x45, 0x41, 0x53, 0x4f,
    0x4e, 0x5f, 0x56, 0x45, 0x52, 0x49, 0x46, 0x49, 0x43, 0x41, 0x54, 0x49, 0x4f, 0x4e, 0x5f, 0x53,
    0x54, 0x41, 0x52, 0x54, 0x45, 0x44, 0x22, 0x7d, 0x7d, 0x0a, 0x0a, 0x2d, 0x20, 0x2a, 0x41, 0x67,
    0x65, 0x20, 0x56, 0x65, 0x72, 0x69, 0x66, 0x69, 0x63, 0x61, 0x74, 0x69, 0x6f, 0x6e, 0x20, 0x6f,
    0x6e, 0x20, 0x64, 0x65, 0x76, 0x69, 0x63, 0x65, 0x2a, 0x20, 0x28, 0x66, 0x61, 0x69, 0x6c, 0x65,
    0x64, 0x29, 0x0a, 0x0a, 0x3e, 0x20, 0x2a, 0x2a, 0x5c, 0x3c, 0x2d, 0x2a, 0x2a, 0x20, 0x7b, 0x22,
    0x69, 0x64, 0x22, 0x3a, 0x20, 0x7b, 0x22, 0x6d, 0x73, 0x62, 0x22, 0x3a, 0x20, 0x22, 0x32, 0x36,
    0x31, 0x30, 0x33, 0x39, 0x37, 0x31, 0x35, 0x31, 0x31, 0x30, 0x32, 0x31, 0x39, 0x30, 0x34, 0x32,
    0x38, 0x22, 0x2c, 0x20, 0x22, 0x6c, 0x73, 0x62, 0x22, 0x3a, 0x20, 0x22, 0x31, 0x31, 0x39, 0x31,
    0x35, 0x34, 0x30, 0x38, 0x34, 0x31, 0x33, 0x37, 0x31, 0x32, 0x32, 0x31, 0x38, 0x32, 0x36, 0x30,
    0x22, 0x7d, 0x2c, 0x20, 0x22, 0x61, 0x67, 0x65, 0x46, 0x61, 0x69, 0x6c, 0x75, 0x72, 0x65, 0x22,
    0x3a, 0x20, 0x7b, 0x22, 0x75, 0x6e, 0x64, 0x65, 0x72, 0x41, 0x67, 0x65, 0x22, 0x3a, 0x20, 0x7b,
    0x7d, 0x7d, 0x7d, 0x0a, 0x0a, 0x23, 0x23, 0x23, 0x23, 0x23, 0x23, 0x20, 0x50, 0x61, 0x79, 0x6d,
    0x65, 0x6e, 0x74, 0x20, 0x70, 0x72, 0x6f, 0x63, 0x65, 0x73, 0x73, 0x20, 0x77, 0x69, 0x74, 0x68,
    0x20, 0x64, 0x65, 0x74, 0x61, 0x69, 0x6c, 0x65, 0x64, 0x20, 0x69, 0x6e, 0x76, 0x6f, 0x69, 0x63,
    0x65, 0x20, 0x74, 0x72, 0x61, 0x63, 0x6b, 0x69, 0x6e, 0x67, 0x20, 0x28, 0x69, 0x2e, 0x65, 0x2e,
    0x20, 0x62, 0x61, 0x73, 0x6b, 0x65, 0x74, 0x29, 0x0a, 0x0a, 0x3e, 0x20, 0x2a, 0x2a, 0x2d, 0x3e,
    0x2a, 0x2a, 0x20, 0x7b, 0x22, 0x73, 0x74, 0x61, 0x72, 0x74, 0x22, 0x3a, 0x20, 0x7b, 0x22, 0x61,
    0x6d, 0x6f, 0x75, 0x6e, 0x74, 0x22, 0x3a, 0x20, 0x31, 0x30, 0x30, 0x7d, 0x7d, 0x0a, 0x0a, 0x3e,
    0x20, 0x2a, 0x2a, 0x5c, 0x3c, 0x2d, 0x2a, 0x2a, 0x20, 0x7b, 0x22, 0x69, 0x64, 0x22, 0x3a, 0x20,
    0x7b, 0x22, 0x6d, 0x73, 0x62, 0x22, 0x3a, 0x20, 0x22, 0x31, 0x38, 0x30, 0x37, 0x35, 0x39, 0x36,
    0x36, 0x33, 0x31, 0x32, 0x32, 0x34, 0x34, 0x32, 0x36, 0x36, 0x37, 0x31, 0x34, 0x22, 0x2c, 0x20,
    0x22, 0x6c, 0x73, 0x62, 0x22, 0x3a, 0x20, 0x22, 0x39, 0x36, 0x32, 0x34, 0x39, 0x34, 0x38, 0x31,
    0x33, 0x36, 0x37, 0x37, 0x37, 0x32, 0x31, 0x34, 0x34, 0x38, 0x39, 0x22, 0x7d, 0x2c, 0x20, 0x22,
    0x61, 0x70, 0x69, 0x53, 0x75, 0x63, 0x63, 0x65, 0x73, 0x73, 0x22, 0x3a, 0x20, 0x7b, 0x20, 0x22,
    0x72, 0x65, 0x61, 0x73, 0x6f, 0x6e, 0x22, 0x3a, 0x20, 0x22, 0x50, 0x41, 0x59, 0x5f, 0x41, 0x50,
    0x49, 0x5f, 0x53, 0x55, 0x43, 0x43, 0x45, 0x53, 0x53, 0x5f, 0x52, 0x45, 0x41, 0x53, 0x4f, 0x4e,
    0x5f, 0x50, 0x41, 0x59, 0x4d, 0x45, 0x4e, 0x54, 0x5f, 0x53, 0x54, 0x41, 0x52, 0x54, 0x45, 0x44,
    0x22, 0x20, 0x7d, 0x7d, 0x0a, 0x0a, 0x2d, 0x20, 0x2a, 0x70, 0x61, 0x79, 0x6d, 0x65, 0x6e, 0x74,
    0x20, 0x6f, 0x6e, 0x20, 0x64, 0x65, 0x76, 0x69, 0x63, 0x65, 0x2a, 0x20, 0x28, 0x73, 0x75, 0x63,
    0x63, 0x65, 0x73, 0x73, 0x29, 0x0a, 0x0a, 0x3e, 0x20, 0x2a, 0x2a, 0x5c, 0x3c, 0x2d, 0x2a, 0x2a,
    0x20, 0x7b, 0x22, 0x69, 0x64, 0x22, 0x3a, 0x20, 0x7b, 0x22, 0x6d, 0x73, 0x62, 0x22, 0x3a, 0x20,
    0x22, 0x31, 0x38, 0x30, 0x37, 0x35, 0x39, 0x36, 0x36, 0x33, 0x31, 0x32, 0x32, 0x34, 0x34, 0x32,
    0x36, 0x36, 0x37, 0x31, 0x34, 0x22, 0x2c, 0x20, 0x22, 0x6c, 0x73, 0x62, 0x22, 0x3a, 0x20, 0x22,
    0x39, 0x36, 0x32, 0x34, 0x39, 0x34, 0x38, 0x31, 0x33, 0x36, 0x37, 0x37, 0x37, 0x32, 0x31, 0x34,
    0x34, 0x38, 0x39, 0x22, 0x7d, 0x2c, 0x20, 0x22, 0x61, 0x70, 0x70, 0x72, 0x6f, 0x76, 0x65, 0x64,
    0x22, 0x3a, 0x20, 0x7b, 0x22, 0x61, 0x6d, 0x6f, 0x75, 0x6e, 0x74, 0x22, 0x3a, 0x20, 0x31, 0x30,
    0x30, 0x7d, 0x7d, 0x0a, 0x0a, 0x3e, 0x20, 0x2a, 0x2a, 0x2d, 0x3e, 0x2a, 0x2a, 0x20, 0x7b, 0x22,
    0x67, 0x6f, 0x6f, 0x64, 0x73, 0x5f, 0x69, 0x73, 0x73, 0x75, 0x65, 0x64, 0x22, 0x3a, 0x20, 0x7b,
    0x22, 0x70, 0x61, 0x72, 0x74, 0x69, 0x61, 0x6c, 0x5f, 0x61, 0x6d, 0x6f, 0x75, 0x6e, 0x74, 0x22,
    0x3a, 0x20, 0x30, 0x2c, 0x20, 0x22, 0x6c, 0x69, 0x6e, 0x65, 0x5f, 0x69, 0x74, 0x65, 0x6d, 0x73,
    0x22, 0x3a, 0x20, 0x5b, 0x7b, 0x22, 0x70, 0x72, 0x69, 0x63, 0x65, 0x22, 0x3a, 0x20, 0x34, 0x30,
    0x2c, 0x20, 0x22, 0x71, 0x75, 0x61, 0x6e, 0x74, 0x69, 0x74, 0x79, 0x22, 0x3a, 0x31, 0x2c, 0x20,
    0x22, 0x73, 0x65, 0x6c, 0x65, 0x63, 0x74, 0x69, 0x6f, 0x6e, 0x22, 0x3a, 0x20, 0x7b, 0x22, 0x73,
    0x6c, 0x6f, 0x74, 0x22, 0x3a, 0x31, 0x7d, 0x7d, 0x2c, 0x20, 0x7b, 0x22, 0x70, 0x72, 0x69, 0x63,
    0x65, 0x22, 0x3a, 0x20, 0x36, 0x30, 0x2c, 0x20, 0x22, 0x71, 0x75, 0x61, 0x6e, 0x74, 0x69, 0x74,
    0x79, 0x22, 0x3a, 0x31, 0x2c, 0x20, 0x22, 0x73, 0x65, 0x6c, 0x65, 0x63, 0x74, 0x69, 0x6f, 0x6e,
    0x22, 0x3a, 0x20, 0x7b, 0x22, 0x73, 0x6c, 0x6f, 0x74, 0x22, 0x3a, 0x32, 0x7d, 0x7d, 0x5d, 0x20,
    0x7d, 0x7d, 0x0a, 0x0a, 0x3e, 0x20, 0x2a, 0x2a, 0x5c, 0x3c, 0x2d, 0x2a, 0x2a, 0x20, 0x7b, 0x22,
    0x69, 0x64, 0x22, 0x3a, 0x20, 0x7b, 0x22, 0x6d, 0x73, 0x62, 0x22, 0x3a, 0x20, 0x22, 0x31, 0x38,
    0x30, 0x37, 0x35, 0x39, 0x36, 0x36, 0x33, 0x31, 0x32, 0x32, 0x34, 0x34, 0x32, 0x36, 0x36, 0x37,
    0x31, 0x34, 0x22, 0x2c, 0x20, 0x22, 0x6c, 0x73, 0x62, 0x22, 0x3a, 0x20, 0x22, 0x39, 0x36, 0x32,
    0x34, 0x39, 0x34, 0x38, 0x31, 0x33, 0x36, 0x37, 0x37, 0x37, 0x32, 0x31, 0x34, 0x34, 0x38, 0x39,
    0x22, 0x7d, 0x2c, 0x20, 0x22, 0x61, 0x70, 0x69, 0x53, 0x75, 0x63, 0x63, 0x65, 0x73, 0x73, 0x22,
    0x3a, 0x20, 0x7b, 0x22, 0x72, 0x65, 0x61, 0x73, 0x6f, 0x6e, 0x22, 0x3a, 0x20, 0x22, 0x50, 0x41,
    0x59, 0x5f, 0x41, 0x50, 0x49, 0x5f, 0x53, 0x55, 0x43, 0x43, 0x45, 0x53, 0x53, 0x5f, 0x52, 0x45,
    0x41, 0x53, 0x4f, 0x4e, 0x5f, 0x47, 0x4f, 0x4f, 0x44, 0x53, 0x5f, 0x49, 0x53, 0x53, 0x55, 0x45,
    0x44, 0x5f, 0x41, 0x43, 0x43, 0x45, 0x50, 0x54, 0x45, 0x44, 0x22, 0x7d, 0x7d, 0x0a, 0x0a, 0x3e,
    0x20, 0x2a, 0x2a, 0x5c, 0x3c, 0x2d, 0x2a, 0x2a, 0x20, 0x7b, 0x22, 0x69, 0x64, 0x22, 0x3a, 0x20,
    0x7b, 0x22, 0x6d, 0x73, 0x62, 0x22, 0x3a, 0x20, 0x22, 0x31, 0x38, 0x30, 0x37, 0x35, 0x39, 0x36,
    0x36, 0x33, 0x31, 0x32, 0x32, 0x34, 0x34, 0x32, 0x36, 0x36, 0x37, 0x31, 0x34, 0x22, 0x2c, 0x20,
    0x22, 0x6c, 0x73, 0x62, 0x22, 0x3a, 0x20, 0x22, 0x39, 0x36, 0x32, 0x34, 0x39, 0x34, 0x38, 0x31,
    0x33, 0x36, 0x37, 0x37, 0x37, 0x32, 0x31, 0x34, 0x34, 0x38, 0x39, 0x22, 0x7d, 0x2c, 0x20, 0x22,
    0x73, 0x75, 0x63, 0x63, 0x65, 0x73, 0x73, 0x22, 0x3a, 0x20, 0x7b, 0x7d, 0x7d, 0x0a, 0x0a, 0x23,
    0x23, 0x23, 0x23, 0x23, 0x23, 0x20, 0x50, 0x61, 0x79, 0x6d, 0x65, 0x6e, 0x74, 0x20, 0x70, 0x72,
    0x6f, 0x63, 0x65, 0x73, 0x73, 0x20, 0x77, 0x69, 0x74, 0x68, 0x20, 0x69, 0x6e, 0x76, 0x6f, 0x69,
    0x63, 0x65, 0x20, 0x74, 0x72, 0x61, 0x63, 0x6b, 0x69, 0x6e, 0x67, 0x20, 0x63, 0x68, 0x61, 0x6e,
    0x67, 0x65, 0x0a, 0x0a, 0x3e, 0x20, 0x2a, 0x2a, 0x2d, 0x3e, 0x2a, 0x2a, 0x20, 0x7b, 0x22, 0x73,
    0x74, 0x61, 0x72, 0x74, 0x22, 0x3a, 0x20, 0x7b, 0x22, 0x61, 0x6d, 0x6f, 0x75, 0x6e, 0x74, 0x22,
    0x3a, 0x20, 0x31, 0x30, 0x30, 0x2c, 0x20, 0x22, 0x6c, 0x69, 0x6e, 0x65, 0x5f, 0x69, 0x74, 0x65,
    0x6d, 0x73, 0x22, 0x3a, 0x20, 0x5b, 0x7b, 0x22, 0x70, 0x72, 0x69, 0x63, 0x65, 0x22, 0x3a, 0x20,
    0x34, 0x30, 0x2c, 0x20, 0x22, 0x71, 0x75, 0x61, 0x6e, 0x74, 0x69, 0x74, 0x79, 0x22, 0x3a, 0x31,
    0x2c, 0x20, 0x22, 0x73, 0x65, 0x6c, 0x65, 0x63, 0x74, 0x69, 0x6f, 0x6e, 0x22, 0x3a, 0x20, 0x7b,
    0x22, 0x73, 0x6c, 0x6f, 0x74, 0x22, 0x3a, 0x31, 0x7d, 0x7d, 0x2c, 0x20, 0x7b, 0x22, 0x70, 0x72,
    0x69, 0x63, 0x65, 0x22, 0x3a, 0x20, 0x36, 0x30, 0x2c, 0x20, 0x22, 0x71, 0x75, 0x61, 0x6e, 0x74,
    0x69, 0x74, 0x79, 0x22, 0x3a, 0x31, 0x2c, 0x20, 0x22, 0x73, 0x65, 0x6c, 0x65, 0x63, 0x74, 0x69,
    0x6f, 0x6e, 0x22, 0x3a, 0x20, 0x7b, 0x22, 0x73, 0x6c, 0x6f, 0x74, 0x22, 0x3a, 0x32, 0x7d, 0x7d,
    0x5d, 0x20, 0x7d, 0x7d, 0x0a, 0x0a, 0x3e, 0x20, 0x2a, 0x2a, 0x5c, 0x3c, 0x2d, 0x2a, 0x2a, 0x20,
    0x7b, 0x22, 0x69, 0x64, 0x22, 0x3a, 0x20, 0x7b, 0x22, 0x6d, 0x73, 0x62, 0x22, 0x3a, 0x20, 0x22,
    0x31, 0x32, 0x30, 0x30, 0x35, 0x30, 0x36, 0x34, 0x33, 0x33, 0x34, 0x34, 0x33, 0x31, 0x34, 0x34,
    0x30, 0x31, 0x30, 0x36, 0x22, 0x2c, 0x20, 0x22, 0x6c, 0x73, 0x62, 0x22, 0x3a, 0x20, 0x22, 0x39,
    0x35, 0x34, 0x35, 0x35, 0x32, 0x36, 0x36, 0x34, 0x37, 0x38, 0x33, 0x34, 0x30, 0x39, 0x31, 0x34,
    0x31, 0x33, 0x22, 0x7d, 0x2c, 0x20, 0x22, 0x61, 0x70, 0x69, 0x53, 0x75, 0x63, 0x63, 0x65, 0x73,
    0x73, 0x22, 0x3a, 0x20, 0x7b, 0x22, 0x72, 0x65, 0x61, 0x73, 0x6f, 0x6e, 0x22, 0x3a, 0x20, 0x22,
    0x50, 0x41, 0x59, 0x5f, 0x41, 0x50, 0x49, 0x5f, 0x53, 0x55, 0x43, 0x43, 0x45, 0x53, 0x53, 0x5f,
    0x52, 0x45, 0x41, 0x53, 0x4f, 0x4e, 0x5f, 0x50, 0x41, 0x59, 0x4d, 0x45, 0x4e, 0x54, 0x5f, 0x53,
    0x54, 0x41, 0x52, 0x54, 0x45, 0x44, 0x22, 0x7d, 0x7d, 0x0a, 0x0a, 0x3e, 0x20, 0x2a, 0x2a, 0x5c,
    0x3c, 0x2d, 0x2a, 0x2a, 0x20, 0x7b, 0x22, 0x69, 0x64, 0x22, 0x3a, 0x20, 0x7b, 0x22, 0x6d, 0x73,
    0x62, 0x22, 0x3a, 0x20, 0x22, 0x31, 0x32, 0x30, 0x30, 0x35, 0x30, 0x36, 0x34, 0x33, 0x33, 0x34,
    0x34, 0x33, 0x31, 0x34, 0x34, 0x30, 0x31, 0x30, 0x36, 0x22, 0x2c, 0x20, 0x22, 0x6c, 0x73, 0x62,
    0x22, 0x3a, 0x20, 0x22, 0x39, 0x35, 0x34, 0x35, 0x35, 0x32, 0x36, 0x36, 0x34, 0x37, 0x38, 0x33,
    0x34, 0x30, 0x39, 0x31, 0x34, 0x31, 0x33, 0x22, 0x7d, 0x2c, 0x20, 0x22, 0x61, 0x70, 0x70, 0x72,
    0x6f, 0x76, 0x65, 0x64, 0x22, 0x3a, 0x20, 0x7b, 0x22, 0x61, 0x6d, 0x6f, 0x75, 0x6e, 0x74, 0x22,
    0x3a, 0x20, 0x31, 0x30, 0x30, 0x7d, 0x7d, 0x0a, 0x0a, 0x3e, 0x20, 0x2a, 0x2a, 0x2d, 0x3e, 0x2a,
    0x2a, 0x20, 0x7b, 0x22, 0x67, 0x6f, 0x6f, 0x64, 0x73, 0x5f, 0x69, 0x73, 0x73, 0x75, 0x65, 0x64,
    0x22, 0x3a, 0x20, 0x7b, 0x22, 0x70, 0x61, 0x72, 0x74, 0x69, 0x61, 0x6c, 0x5f, 0x61, 0x6d, 0x6f,
    0x75, 0x6e, 0x74, 0x22, 0x3a, 0x20, 0x36, 0x30, 0x2c, 0x20, 0x22, 0x6c, 0x69, 0x6e, 0x65, 0x5f,
    0x69, 0x74, 0x65, 0x6d, 0x73, 0x22, 0x3a, 0x20, 0x5b, 0x7b, 0x22, 0x70, 0x72, 0x69, 0x63, 0x65,
    0x22, 0x3a, 0x20, 0x36, 0x30, 0x2c, 0x20, 0x22, 0x71, 0x75, 0x61, 0x6e, 0x74, 0x69, 0x74, 0x79,
    0x22, 0x3a, 0x31, 0x2c, 0x20, 0x22, 0x73, 0x65, 0x6c, 0x65, 0x63, 0x74, 0x69, 0x6f, 0x6e, 0x22,
    0x3a, 0x20, 0x7b, 0x22, 0x73, 0x6c, 0x6f, 0x74, 0x22, 0x3a, 0x32, 0x7d, 0x7d, 0x5d, 0x20, 0x7d,
    0x7d, 0x0a, 0x0a, 0x3e, 0x20, 0x2a, 0x2a, 0x5c, 0x3c, 0x2d, 0x2a, 0x2a, 0x20, 0x7b, 0x22, 0x69,
    0x64, 0x22, 0x3a, 0x20, 0x7b, 0x20, 0x22, 0x6d, 0x73, 0x62, 0x22, 0x3a, 0x20, 0x22, 0x31, 0x32,
    0x30, 0x30, 0x35, 0x30, 0x36, 0x34, 0x33, 0x33, 0x34, 0x34, 0x33, 0x31, 0x34, 0x34, 0x30, 0x31,
    0x30, 0x36, 0x22, 0x2c, 0x20, 0x22, 0x6c, 0x73, 0x62, 0x22, 0x3a, 0x20, 0x22, 0x39, 0x35, 0x34,
    0x35, 0x35, 0x32, 0x36, 0x36, 0x34, 0x37, 0x38, 0x33, 0x34, 0x30, 0x39, 0x31, 0x34, 0x31, 0x33,
    0x22, 0x7d, 0x2c, 0x20, 0x22, 0x61, 0x70, 0x69, 0x53, 0x75, 0x63, 0x63, 0x65, 0x73, 0x73, 0x22,
    0x3a, 0x20, 0x7b, 0x22, 0x72, 0x65, 0x61, 0x73, 0x6f, 0x6e, 0x22, 0x3a, 0x20, 0x22, 0x50, 0x41,
    0x59, 0x5f, 0x41, 0x50, 0x49, 0x5f, 0x53, 0x55, 0x43, 0x43, 0x45, 0x53, 0x53, 0x5f, 0x52, 0x45,
    0x41, 0x53, 0x4f, 0x4e, 0x5f, 0x47, 0x4f, 0x4f, 0x44, 0x53, 0x5f, 0x49, 0x53, 0x53, 0x55, 0x45,
    0x44, 0x5f, 0x41, 0x43, 0x43, 0x45, 0x50, 0x54, 0x45, 0x44, 0x22, 0x7d, 0x7d, 0x0a, 0x0a, 0x3e,
    0x20, 0x2a, 0x2a, 0x5c, 0x3c, 0x2d, 0x2a, 0x2a, 0x20, 0x7b, 0x22, 0x69, 0x64, 0x22, 0x3a, 0x20,
    0x7b, 0x22, 0x6d, 0x73, 0x62, 0x22, 0x3a, 0x20, 0x22, 0x31, 0x32, 0x30, 0x30, 0x35, 0x30, 0x36,
    0x34, 0x33, 0x33, 0x34, 0x34, 0x33, 0x31, 0x34, 0x34, 0x30, 0x31, 0x30, 0x36, 0x22, 0x2c, 0x20,
    0x22, 0x6c, 0x73, 0x62, 0x22, 0x3a, 0x20, 0x22, 0x39, 0x35, 0x34, 0x35, 0x35, 0x32, 0x36, 0x36,
    0x34, 0x37, 0x38, 0x33, 0x34, 0x30, 0x39, 0x31, 0x34, 0x31, 0x33, 0x22, 0x7d, 0x2c, 0x20, 0x22,
    0x73, 0x75, 0x63, 0x63, 0x65, 0x73, 0x73, 0x22, 0x3a, 0x20, 0x7b, 0x7d, 0x7d, 0x0a, 0x0a, 0x23,
    0x23, 0x23, 0x23, 0x23, 0x23, 0x20, 0x4d, 0x69, 0x78, 0x65, 0x64, 0x20, 0x70, 0x61, 0x79, 0x6d,
    0x65, 0x6e, 0x74, 0x20, 0x28, 0x63, 0x61, 0x73, 0x68, 0x20, 0x70, 0x61, 0x69, 0x64, 0x20, 0x62,
    0x65, 0x66, 0x6f, 0x72, 0x65, 0x20, 0x50, 0x61, 0x79, 0x53, 0x74, 0x61, 0x72, 0x74, 0x29, 0x0a,
    0x3e, 0x20, 0x2a, 0x2a, 0x2d, 0x3e, 0x2a, 0x2a, 0x20, 0x7b, 0x22, 0x73, 0x74, 0x61, 0x72, 0x74,
    0x22, 0x3a, 0x20, 0x7b, 0x22, 0x61, 0x6d, 0x6f, 0x75, 0x6e, 0x74, 0x22, 0x3a, 0x20, 0x31, 0x30,
    0x30, 0x2c, 0x20, 0x22, 0x63, 0x61, 0x73, 0x68, 0x5f, 0x61, 0x6d, 0x6f, 0x75, 0x6e, 0x74, 0x22,
    0x3a, 0x20, 0x35, 0x30, 0x7d, 0x7d, 0x0a, 0x0a, 0x3e, 0x20, 0x2a, 0x2a, 0x5c, 0x3c, 0x2d, 0x2a,
    0x2a, 0x20, 0x7b, 0x22, 0x69, 0x64, 0x22, 0x3a, 0x20, 0x7b, 0x22, 0x6d, 0x73, 0x62, 0x22, 0x3a,
    0x20, 0x22, 0x31, 0x32, 0x30, 0x30, 0x35, 0x30, 0x36, 0x34, 0x33, 0x33, 0x34, 0x34, 0x33, 0x31,
    0x34, 0x34, 0x30, 0x31, 0x30, 0x36, 0x22, 0x2c, 0x20, 0x22, 0x6c, 0x73, 0x62, 0x22, 0x3a, 0x20,
    0x22, 0x39, 0x35, 0x34, 0x35, 0x35, 0x32, 0x36, 0x36, 0x34, 0x37, 0x38, 0x33, 0x34, 0x30, 0x39,
    0x31, 0x34, 0x31, 0x33, 0x22, 0x7d, 0x2c, 0x20, 0x22, 0x61, 0x70, 0x69, 0x53, 0x75, 0x63, 0x63,
    0x65, 0x73, 0x73, 0x22, 0x3a, 0x20, 0x7b, 0x22, 0x72, 0x65, 0x61, 0x73, 0x6f, 0x6e, 0x22, 0x3a,
    0x20, 0x22, 0x50, 0x41, 0x59, 0x5f, 0x41, 0x50, 0x49, 0x5f, 0x53, 0x55, 0x43, 0x43, 0x45, 0x53,
    0x53, 0x5f, 0x52, 0x45, 0x41, 0x53, 0x4f, 0x4e, 0x5f, 0x50, 0x41, 0x59, 0x4d, 0x45, 0x4e, 0x54,
    0x5f, 0x53, 0x54, 0x41, 0x52, 0x54, 0x45, 0x44, 0x22, 0x7d, 0x7d, 0x0a, 0x0a, 0x3e, 0x20, 0x2a,
    0x2a, 0x5c, 0x3c, 0x2d, 0x2a, 0x2a, 0x20, 0x7b, 0x22, 0x69, 0x64, 0x22, 0x3a, 0x20, 0x7b, 0x22,
    0x6d, 0x73, 0x62, 0x22, 0x3a, 0x20, 0x22, 0x31, 0x32, 0x30, 0x30, 0x35, 0x30, 0x36, 0x34, 0x33,
    0x33, 0x34, 0x34, 0x33, 0x31, 0x34, 0x34, 0x30, 0x31, 0x30, 0x36, 0x22, 0x2c, 0x20, 0x22, 0x6c,
    0x73, 0x62, 0x22, 0x3a, 0x20, 0x22, 0x39, 0x35, 0x34, 0x35, 0x35, 0x32, 0x36, 0x36, 0x34, 0x37,
    0x38, 0x33, 0x34, 0x30, 0x39, 0x31, 0x34, 0x31, 0x33, 0x22, 0x7d, 0x2c, 0x20, 0x22, 0x61, 0x70,
    0x70, 0x72, 0x6f, 0x76, 0x65, 0x64, 0x22, 0x3a, 0x20, 0x7b, 0x22, 0x61, 0x6d, 0x6f, 0x75, 0x6e,
    0x74, 0x22, 0x3a, 0x20, 0x31, 0x30, 0x30, 0x7d, 0x7d, 0x0a, 0x0a, 0x3e, 0x20, 0x2a, 0x2a, 0x2d,
    0x3e, 0x2a, 0x2a, 0x20, 0x7b, 0x22, 0x67, 0x6f, 0x6f, 0x64, 0x73, 0x5f, 0x69, 0x73, 0x73, 0x75,
    0x65, 0x64, 0x22, 0x3a, 0x20, 0x7b, 0x7d, 0x7d, 0x0a, 0x0a, 0x3e, 0x20, 0x2a, 0x2a, 0x5c, 0x3c,
    0x2d, 0x2a, 0x2a, 0x20, 0x7b, 0x22, 0x69, 0x64, 0x22, 0x3a, 0x20, 0x7b, 0x20, 0x22, 0x6d, 0x73,
    0x62, 0x22, 0x3a, 0x20, 0x22, 0x31, 0x32, 0x30, 0x30, 0x35, 0x30, 0x36, 0x34, 0x33, 0x33, 0x34,
    0x34, 0x33, 0x31, 0x34, 0x34, 0x30, 0x31, 0x30, 0x36, 0x22, 0x2c, 0x20, 0x22, 0x6c, 0x73, 0x62,
    0x22, 0x3a, 0x20, 0x22, 0x39, 0x35, 0x34, 0x35, 0x35, 0x32, 0x36, 0x36, 0x34, 0x37, 0x38, 0x33,
    0x34, 0x30, 0x39, 0x31, 0x34, 0x31, 0x33, 0x22, 0x7d, 0x2c, 0x20, 0x22, 0x61, 0x70, 0x69, 0x53,
    0x75, 0x63, 0x63, 0x65, 0x73, 0x73, 0x22, 0x3a, 0x20, 0x7b, 0x22, 0x72, 0x65, 0x61, 0x73, 0x6f,
    0x6e, 0x22, 0x3a, 0x20, 0x22, 0x50, 0x41, 0x59, 0x5f, 0x41, 0x50, 0x49, 0x5f, 0x53, 0x55, 0x43,
    0x43, 0x45, 0x53, 0x53, 0x5f, 0x52, 0x45, 0x41, 0x53, 0x4f, 0x4e, 0x5f, 0x47, 0x4f, 0x4f, 0x44,
    0x53, 0x5f, 0x49, 0x53, 0x53, 0x55, 0x45, 0x44, 0x5f, 0x41, 0x43, 0x43, 0x45, 0x50, 0x54, 0x45,
    0x44, 0x22, 0x7d, 0x7d, 0x0a, 0x0a, 0x3e, 0x20, 0x2a, 0x2a, 0x5c, 0x3c, 0x2d, 0x2a, 0x2a, 0x20,
    0x7b, 0x22, 0x69, 0x64, 0x22, 0x3a, 0x20, 0x7b, 0x22, 0x6d, 0x73, 0x62, 0x22, 0x3a, 0x20, 0x22,
    0x31, 0x32, 0x30, 0x30, 0x35, 0x30, 0x36, 0x34, 0x33, 0x33, 0x34, 0x34, 0x33, 0x31, 0x34, 0x34,
    0x30, 0x31, 0x30, 0x36, 0x22, 0x2c, 0x20, 0x22, 0x6c, 0x73, 0x62, 0x22, 0x3a, 0x20, 0x22, 0x39,
    0x35, 0x34, 0x35, 0x35, 0x32, 0x36, 0x36, 0x34, 0x37, 0x38, 0x33, 0x34, 0x30, 0x39, 0x31, 0x34,
    0x31, 0x33, 0x22, 0x7d, 0x2c, 0x20, 0x22, 0x73, 0x75, 0x63, 0x63, 0x65, 0x73, 0x73, 0x22, 0x3a,
    0x20, 0x7b, 0x7d, 0x7d, 0x0a, 0x0a, 0x23, 0x23, 0x23, 0x23, 0x23, 0x23, 0x20, 0x4d, 0x69, 0x78,
    0x65, 0x64, 0x20, 0x70, 0x61, 0x79, 0x6d, 0x65, 0x6e, 0x74, 0x20, 0x28, 0x63, 0x61, 0x73, 0x68,
    0x20, 0x61, 0x6d, 0x6f, 0x75, 0x6e, 0x74, 0x20, 0x63, 0x68, 0x61, 0x6e, 0x67, 0x65, 0x64, 0x20,
    0x62, 0x65, 0x66, 0x6f, 0x72, 0x65, 0x20, 0x50, 0x61, 0x79, 0x47, 0x6f, 0x6f, 0x64, 0x73, 0x49,
    0x73, 0x73, 0x75, 0x65, 0x64, 0x29, 0x0a, 0x3e, 0x20, 0x2a, 0x2a, 0x2d, 0x3e, 0x2a, 0x2a, 0x20,
    0x7b, 0x22, 0x73, 0x74, 0x61, 0x72, 0x74, 0x22, 0x3a, 0x20, 0x7b, 0x22, 0x61, 0x6d, 0x6f, 0x75,
    0x6e, 0x74, 0x22, 0x3a, 0x20, 0x31, 0x30, 0x30, 0x2c, 0x20, 0x22, 0x63, 0x61, 0x73, 0x68, 0x5f,
    0x61, 0x6d, 0x6f, 0x75, 0x6e, 0x74, 0x22, 0x3a, 0x20, 0x35, 0x30, 0x7d, 0x7d, 0x0a, 0x0a, 0x3e,
    0x20, 0x2a, 0x2a, 0x5c, 0x3c, 0x2d, 0x2a, 0x2a, 0x20, 0x7b, 0x22, 0x69, 0x64, 0x22, 0x3a, 0x20,
    0x7b, 0x22, 0x6d, 0x73, 0x62, 0x22, 0x3a, 0x20, 0x22, 0x31, 0x32, 0x30, 0x30, 0x35, 0x30, 0x36,
    0x34, 0x33, 0x33, 0x34, 0x34, 0x33, 0x31, 0x34, 0x34, 0x30, 0x31, 0x30, 0x36, 0x22, 0x2c, 0x20,
    0x22, 0x6c, 0x73, 0x62, 0x22, 0x3a, 0x20, 0x22, 0x39, 0x35, 0x34, 0x35, 0x35, 0x32, 0x36, 0x36,
    0x34, 0x37, 0x38, 0x33, 0x34, 0x30, 0x39, 0x31, 0x34, 0x31, 0x33, 0x22, 0x7d, 0x2c, 0x20, 0x22,
    0x61, 0x70, 0x69, 0x53, 0x75, 0x63, 0x63, 0x65, 0x73, 0x73, 0x22, 0x3a, 0x20, 0x7b, 0x22, 0x72,
    0x65, 0x61, 0x73, 0x6f, 0x6e, 0x22, 0x3a, 0x20, 0x22, 0x50, 0x41, 0x59, 0x5f, 0x41, 0x50, 0x49,
    0x5f, 0x53, 0x55, 0x43, 0x43, 0x45, 0x53, 0x53, 0x5f, 0x52, 0x45, 0x41, 0x53, 0x4f, 0x4e, 0x5f,
    0x50, 0x41, 0x59, 0x4d, 0x45, 0x4e, 0x54, 0x5f, 0x53, 0x54, 0x41, 0x52, 0x54, 0x45, 0x44, 0x22,
    0x7d, 0x7d, 0x0a, 0x0a, 0x3e, 0x20, 0x2a, 0x2a, 0x5c, 0x3c, 0x2d, 0x2a, 0x2a, 0x20, 0x7b, 0x22,
    0x69, 0x64, 0x22, 0x3a, 0x20, 0x7b, 0x22, 0x6d, 0x73, 0x62, 0x22, 0x3a, 0x20, 0x22, 0x31, 0x32,
    0x30, 0x30, 0x35, 0x30, 0x36, 0x34, 0x33, 0x33, 0x34, 0x34, 0x33, 0x31, 0x34, 0x34, 0x30, 0x31,
    0x30, 0x36, 0x22, 0x2c, 0x20, 0x22, 0x6c, 0x73, 0x62, 0x22, 0x3a, 0x20, 0x22, 0x39, 0x35, 0x34,
    0x35, 0x35, 0x32, 0x36, 0x36, 0x34, 0x37, 0x38, 0x33, 0x34, 0x30, 0x39, 0x31, 0x34, 0x31, 0x33,
    0x22, 0x7d, 0x2c, 0x20, 0x22, 0x61, 0x70, 0x70, 0x72, 0x6f, 0x76, 0x65, 0x64, 0x22, 0x3a, 0x20,
    0x7b, 0x22, 0x61, 0x6d, 0x6f, 0x75, 0x6e, 0x74, 0x22, 0x3a, 0x20, 0x31, 0x30, 0x30, 0x7d, 0x7d,
    0x0a, 0x0a, 0x3e, 0x20, 0x2a, 0x2a, 0x2d, 0x3e, 0x2a, 0x2a, 0x20, 0x7b, 0x22, 0x67, 0x6f, 0x6f,
    0x64, 0x73, 0x5f, 0x69, 0x73, 0x73, 0x75, 0x65, 0x64, 0x22, 0x3a, 0x20, 0x7b, 0x22, 0x70, 0x61,
    0x72, 0x74, 0x69, 0x61, 0x6c, 0x5f, 0x61, 0x6d, 0x6f, 0x75, 0x6e, 0x74, 0x22, 0x3a, 0x20, 0x35,
    0x30, 0x2c, 0x20, 0x22, 0x63, 0x61, 0x73, 0x68, 0x5f, 0x61, 0x6d, 0x6f, 0x75, 0x6e, 0x74, 0x22,
    0x3a, 0x20, 0x31, 0x30, 0x30, 0x7d, 0x7d, 0x0a, 0x0a, 0x3e, 0x20, 0x2a, 0x2a, 0x5c, 0x3c, 0x2d,
    0x2a, 0x2a, 0x20, 0x7b, 0x22, 0x69, 0x64, 0x22, 0x3a, 0x20, 0x7b, 0x20, 0x22, 0x6d, 0x73, 0x62,
    0x22, 0x3a, 0x20, 0x22, 0x31, 0x32, 0x30, 0x30, 0x35, 0x30, 0x36, 0x34, 0x33, 0x33, 0x34, 0x34,
    0x33, 0x31, 0x34, 0x34, 0x30, 0x31, 0x30, 0x36, 0x22, 0x2c, 0x20, 0x22, 0x6c, 0x73, 0x62, 0x22,
    0x3a, 0x20, 0x22, 0x39, 0x35, 0x34, 0x35, 0x35, 0x32, 0x36, 0x36, 0x34, 0x37, 0x38, 0x33, 0x34,
    0x30, 0x39, 0x31, 0x34, 0x31, 0x33, 0x22, 0x7d, 0x2c, 0x20, 0x22, 0x61, 0x70, 0x69, 0x53, 0x75,
    0x63, 0x63, 0x65, 0x73, 0x73, 0x22, 0x3a, 0x20, 0x7b, 0x22, 0x72, 0x65, 0x61, 0x73, 0x6f, 0x6e,
    0x22, 0x3a, 0x20, 0x22, 0x50, 0x41, 0x59, 0x5f, 0x41, 0x50, 0x49, 0x5f, 0x53, 0x55, 0x43, 0x43,
    0x45, 0x53, 0x53, 0x5f, 0x52, 0x45, 0x41, 0x53, 0x4f, 0x4e, 0x5f, 0x47, 0x4f, 0x4f, 0x44, 0x53,
    0x5f, 0x49, 0x53, 0x53, 0x55, 0x45, 0x44, 0x5f, 0x41, 0x43, 0x43, 0x45, 0x50, 0x54, 0x45, 0x44,
    0x22, 0x7d, 0x7d, 0x0a, 0x0a, 0x3e, 0x20, 0x2a, 0x2a, 0x5c, 0x3c, 0x2d, 0x2a, 0x2a, 0x20, 0x7b,
    0x22, 0x69, 0x64, 0x22, 0x3a, 0x20, 0x7b, 0x22, 0x6d, 0x73, 0x62, 0x22, 0x3a, 0x20, 0x22, 0x31,
    0x32, 0x30, 0x30, 0x35, 0x30, 0x36, 0x34, 0x33, 0x33, 0x34, 0x34, 0x33, 0x31, 0x34, 0x34, 0x30,
    0x31, 0x30, 0x36, 0x22, 0x2c, 0x20, 0x22, 0x6c, 0x73, 0x62, 0x22, 0x3a, 0x20, 0x22, 0x39, 0x35,
    0x34, 0x35, 0x35, 0x32, 0x36, 0x36, 0x34, 0x37, 0x38, 0x33, 0x34, 0x30, 0x39, 0x31, 0x34, 0x31,
    0x33, 0x22, 0x7d, 0x2c, 0x20, 0x22, 0x73, 0x75, 0x63, 0x63, 0x65, 0x73, 0x73, 0x22, 0x3a, 0x20,
    0x7b, 0x7d, 0x7d, 0x0a, 0x0a, 0x23, 0x23, 0x23, 0x23, 0x23, 0x23, 0x20, 0x4d, 0x69, 0x78, 0x65,
    0x64, 0x20, 0x70, 0x61, 0x79, 0x6d, 0x65, 0x6e, 0x74, 0x20, 0x28, 0x63, 0x61, 0x73, 0x68, 0x20,
    0x61, 0x6d, 0x6f, 0x75, 0x6e, 0x74, 0x20, 0x6f, 0x6e, 0x6c, 0x79, 0x20, 0x6b, 0x6e, 0x6f, 0x77,
    0x6e, 0x20, 0x6f, 0x6e, 0x20, 0x50, 0x61, 0x79, 0x47, 0x6f, 0x6f, 0x64, 0x73, 0x49, 0x73, 0x73,
    0x75, 0x65, 0x64, 0x29, 0x0a, 0x3e, 0x20, 0x2a, 0x2a, 0x2d, 0x3e, 0x2a, 0x2a, 0x20, 0x7b, 0x22,
    0x73, 0x74, 0x61, 0x72, 0x74, 0x22, 0x3a, 0x20, 0x7b, 0x22, 0x61, 0x6d, 0x6f, 0x75, 0x6e, 0x74,
    0x22, 0x3a, 0x20, 0x31, 0x35, 0x30, 0x7d, 0x7d, 0x0a, 0x0a, 0x3e, 0x20, 0x2a, 0x2a, 0x5c, 0x3c,
    0x2d, 0x2a, 0x2a, 0x20, 0x7b, 0x22, 0x69, 0x64, 0x22, 0x3a, 0x20, 0x7b, 0x22, 0x6d, 0x73, 0x62,
    0x22, 0x3a, 0x20, 0x22, 0x31, 0x32, 0x30, 0x30, 0x35, 0x30, 0x36, 0x34, 0x33, 0x33, 0x34, 0x34,
    0x33, 0x31, 0x34, 0x34, 0x30, 0x31, 0x30, 0x36, 0x22, 0x2c, 0x20, 0x22, 0x6c, 0x73, 0x62, 0x22,
    0x3a, 0x20, 0x22, 0x39, 0x35, 0x34, 0x35, 0x35, 0x32, 0x36, 0x36, 0x34, 0x37, 0x38, 0x33, 0x34,
    0x30, 0x39, 0x31, 0x34, 0x31, 0x33, 0x22, 0x7d, 0x2c, 0x20, 0x22, 0x61, 0x70, 0x69, 0x53, 0x75,
    0x63, 0x63, 0x65, 0x73, 0x73, 0x22, 0x3a, 0x20, 0x7b, 0x22, 0x72, 0x65, 0x61, 0x73, 0x6f, 0x6e,
    0x22, 0x3a, 0x20, 0x22, 0x50, 0x41, 0x59, 0x5f, 0x41, 0x50, 0x49, 0x5f, 0x53, 0x55, 0x43, 0x43,
    0x45, 0x53, 0x53, 0x5f, 0x52, 0x45, 0x41, 0x53, 0x4f, 0x4e, 0x5f, 0x50, 0x41, 0x59, 0x4d, 0x45,
    0x4e, 0x54, 0x5f, 0x53, 0x54, 0x41, 0x52, 0x54, 0x45, 0x44, 0x22, 0x7d, 0x7d, 0x0a, 0x0a, 0x3e,
    0x20, 0x2a, 0x2a, 0x5c, 0x3c, 0x2d, 0x2a, 0x2a, 0x20, 0x7b, 0x22, 0x69, 0x64, 0x22, 0x3a, 0x20,
    0x7b, 0x22, 0x6d, 0x73, 0x62, 0x22, 0x3a, 0x20, 0x22, 0x31, 0x32, 0x30, 0x30, 0x35, 0x30, 0x36,
    0x34, 0x33, 0x33, 0x34, 0x34, 0x33, 0x31, 0x34, 0x34, 0x30, 0x31, 0x30, 0x36, 0x22, 0x2c, 0x20,
    0x22, 0x6c, 0x73, 0x62, 0x22, 0x3a, 0x20, 0x22, 0x39, 0x35, 0x34, 0x35, 0x35, 0x32, 0x36, 0x36,
    0x34, 0x37, 0x38, 0x33, 0x34, 0x30, 0x39, 0x31, 0x34, 0x31, 0x33, 0x22, 0x7d, 0x2c, 0x20, 0x22,
    0x61, 0x70, 0x70, 0x72, 0x6f, 0x76, 0x65, 0x64, 0x22, 0x3a, 0x20, 0x7b, 0x22, 0x61, 0x6d, 0x6f,
    0x75, 0x6e, 0x74, 0x22, 0x3a, 0x20, 0x31, 0x35, 0x30, 0x7d, 0x7d, 0x0a, 0x0a, 0x3e, 0x20, 0x2a,
    0x2a, 0x2d, 0x3e, 0x2a, 0x2a, 0x20, 0x7b, 0x22, 0x67, 0x6f, 0x6f, 0x64, 0x73, 0x5f, 0x69, 0x73,
    0x73, 0x75, 0x65, 0x64, 0x22, 0x3a, 0x20, 0x7b, 0x22, 0x70, 0x61, 0x72, 0x74, 0x69, 0x61, 0x6c,
    0x5f, 0x61, 0x6d, 0x6f, 0x75, 0x6e, 0x74, 0x22, 0x3a, 0x20, 0x35, 0x30, 0x2c, 0x20, 0x22, 0x63,
    0x61, 0x73, 0x68, 0x5f, 0x61, 0x6d, 0x6f, 0x75, 0x6e, 0x74, 0x22, 0x3a, 0x20, 0x31, 0x30, 0x30,
    0x7d, 0x7d, 0x0a, 0x0a, 0x3e, 0x20, 0x2a, 0x2a, 0x5c, 0x3c, 0x2d, 0x2a, 0x2a, 0x20, 0x7b, 0x22,
    0x69, 0x64, 0x22, 0x3a, 0x20, 0x7b, 0x20, 0x22, 0x6d, 0x73, 0x62, 0x22, 0x3a, 0x20, 0x22, 0x31,
    0x32, 0x30, 0x30, 0x35, 0x30, 0x36, 0x34, 0x33, 0x33, 0x34, 0x34, 0x33, 0x31, 0x34, 0x34, 0x30,
    0x31, 0x30, 0x36, 0x22, 0x2c, 0x20, 0x22, 0x6c, 0x73, 0x62, 0x22, 0x3a, 0x20, 0x22, 0x39, 0x35,
    0x34, 0x35, 0x35, 0x32, 0x36, 0x36, 0x34, 0x37, 0x38, 0x33, 0x34, 0x30, 0x39, 0x31, 0x34, 0x31,
    0x33, 0x22, 0x7d, 0x2c, 0x20, 0x22, 0x61, 0x70, 0x69, 0x53, 0x75, 0x63, 0x63, 0x65, 0x73, 0x73,
    0x22, 0x3a, 0x20, 0x7b, 0x22, 0x72, 0x65, 0x61, 0x73, 0x6f, 0x6e, 0x22, 0x3a, 0x20, 0x22, 0x50,
    0x41, 0x59, 0x5f, 0x41, 0x50, 0x49, 0x5f, 0x53, 0x55, 0x43, 0x43, 0x45, 0x53, 0x53, 0x5f, 0x52,
    0x45, 0x41, 0x53, 0x4f, 0x4e, 0x5f, 0x47, 0x4f, 0x4f, 0x44, 0x53, 0x5f, 0x49, 0x53, 0x53, 0x55,
    0x45, 0x44, 0x5f, 0x41, 0x43, 0x43, 0x45, 0x50, 0x54, 0x45, 0x44, 0x22, 0x7d, 0x7d, 0x0a, 0x0a,
    0x3e, 0x20, 0x2a, 0x2a, 0x5c, 0x3c, 0x2d, 0x2a, 0x2a, 0x20, 0x7b, 0x22, 0x69, 0x64, 0x22, 0x3a,
    0x20, 0x7b, 0x22, 0x6d, 0x73, 0x62, 0x22, 0x3a, 0x20, 0x22, 0x31, 0x32, 0x30, 0x30, 0x35, 0x30,
    0x36, 0x34, 0x33, 0x33, 0x34, 0x34, 0x33, 0x31, 0x34, 0x34, 0x30, 0x31, 0x30, 0x36, 0x22, 0x2c,
    0x20, 0x22, 0x6c, 0x73, 0x62, 0x22, 0x3a, 0x20, 0x22, 0x39, 0x35, 0x34, 0x35, 0x35, 0x32, 0x36,
    0x36, 0x34, 0x37, 0x38, 0x33, 0x34, 0x30, 0x39, 0x31, 0x34, 0x31, 0x33, 0x22, 0x7d, 0x2c, 0x20,
    0x22, 0x73, 0x75, 0x63, 0x63, 0x65, 0x73, 0x73, 0x22, 0x3a, 0x20, 0x7b, 0x7d, 0x7d, 0x0a, 0x0a,
    0x3c, 0x2f, 0x64, 0x65, 0x74, 0x61, 0x69, 0x6c, 0x73, 0x3e, 0x0a, 0x0a, 0x0d, 0x0a, 0x05, 0x06,
    0x01, 0x02, 0x00, 0x01, 0x12, 0x04, 0xa3, 0x03, 0x06, 0x09, 0x0a, 0x0d, 0x0a, 0x05, 0x06, 0x01,
    0x02, 0x00, 0x05, 0x12, 0x04, 0xa3, 0x03, 0x0a, 0x10, 0x0a, 0x0d, 0x0a, 0x05, 0x06, 0x01, 0x02,
    0x00, 0x02, 0x12, 0x04, 0xa3, 0x03, 0x11, 0x22, 0x0a, 0x0d, 0x0a, 0x05, 0x06, 0x01, 0x02, 0x00,
    0x06, 0x12, 0x04, 0xa3, 0x03, 0x2d, 0x33, 0x0a, 0x0d, 0x0a, 0x05, 0x06, 0x01, 0x02, 0x00, 0x03,
    0x12, 0x04, 0xa3, 0x03, 0x34, 0x46, 0x0a, 0x8b, 0x01, 0x0a, 0x02, 0x06, 0x02, 0x12, 0x06, 0xa9,
    0x03, 0x00, 0xde, 0x03, 0x01, 0x1a, 0x7d, 0x0a, 0x54, 0x68, 0x69, 0x73, 0x20, 0x73, 0x65, 0x72,
    0x76, 0x69, 0x63, 0x65, 0x20, 0x70, 0x72, 0x6f, 0x76, 0x69, 0x64, 0x65, 0x73, 0x20, 0x74, 0x68,
    0x65, 0x20, 0x6e, 0x65, 0x63, 0x65, 0x73, 0x73, 0x61, 0x72, 0x79, 0x20, 0x66, 0x75, 0x6e, 0x63,
    0x74, 0x69, 0x6f, 0x6e, 0x61, 0x6c, 0x69, 0x74, 0x79, 0x20, 0x74, 0x6f, 0x20, 0x76, 0x65, 0x6e,
    0x64, 0x20, 0x70, 0x72, 0x6f, 0x64, 0x75, 0x63, 0x74, 0x73, 0x20, 0x76, 0x69, 0x61, 0x20, 0x61,
    0x20, 0x76, 0x65, 0x6e, 0x64, 0x69, 0x6e, 0x67, 0x20, 0x6d, 0x61, 0x63, 0x68, 0x69, 0x6e, 0x65,
    0x20, 0x63, 0x6f, 0x6e, 0x6e, 0x65, 0x63, 0x74, 0x65, 0x64, 0x20, 0x74, 0x6f, 0x20, 0x74, 0x68,
    0x65, 0x20, 0x53, 0x45, 0x4e, 0x56, 0x45, 0x4e, 0x44, 0x20, 0x54, 0x65, 0x72, 0x6d, 0x69, 0x6e,
    0x61, 0x6c, 0x2e, 0x0a, 0x0a, 0x0b, 0x0a, 0x03, 0x06, 0x02, 0x01, 0x12, 0x04, 0xa9, 0x03, 0x08,
    0x13, 0x0a, 0xd5, 0x13, 0x0a, 0x04, 0x06, 0x02, 0x02, 0x00, 0x12, 0x04, 0xdd, 0x03, 0x02, 0x4b,
    0x1a, 0xc6, 0x13, 0x0a, 0x49, 0x6e, 0x69, 0x74, 0x69, 0x61, 0x74, 0x65, 0x73, 0x20, 0x61, 0x20,
    0x76, 0x65, 0x6e, 0x64, 0x69, 0x6e, 0x67, 0x20, 0x70, 0x72, 0x6f, 0x63, 0x65, 0x73, 0x73, 0x20,
    0x6f, 0x6e, 0x20, 0x61, 0x20, 0x6d, 0x61, 0x63, 0x68, 0x69, 0x6e, 0x65, 0x20, 0x63, 0x6f, 0x6e,
    0x6e, 0x65, 0x63, 0x74, 0x65, 0x64, 0x20, 0x74, 0x6f, 0x20, 0x74, 0x68, 0x65, 0x20, 0x53, 0x45,
    0x4e, 0x56, 0x45, 0x4e, 0x44, 0x20, 0x54, 0x65, 0x72, 0x6d, 0x69, 0x6e, 0x61, 0x6c, 0x2e, 0x5c,
    0x0a, 0x41, 0x63, 0x63, 0x65, 0x70, 0x74, 0x73, 0x20, 0x61, 0x20, 0x73, 0x74, 0x72, 0x65, 0x61,
    0x6d, 0x20, 0x6f, 0x66, 0x20, 0x56, 0x65, 0x6e, 0x64, 0x52, 0x65, 0x71, 0x75, 0x65, 0x73, 0x74,
    0x20, 0x66, 0x6f, 0x72, 0x20, 0x73, 0x74, 0x61, 0x72, 0x74, 0x69, 0x6e, 0x67, 0x20, 0x61, 0x6e,
    0x64, 0x20, 0x63, 0x6f, 0x6e, 0x74, 0x72, 0x6f, 0x6c, 0x6c, 0x69, 0x6e, 0x67, 0x20, 0x76, 0x65,
    0x6e, 0x64, 0x69, 0x6e, 0x67, 0x2e, 0x5c, 0x0a, 0x52, 0x65, 0x74, 0x75, 0x72, 0x6e, 0x73, 0x20,
    0x61, 0x20, 0x73, 0x74, 0x72, 0x65, 0x61, 0x6d, 0x20, 0x6f, 0x66, 0x20, 0x56, 0x65, 0x6e, 0x64,
    0x52, 0x65, 0x73, 0x70, 0x6f, 0x6e, 0x73, 0x65, 0x20, 0x63, 0x6f, 0x6e, 0x74, 0x61, 0x69, 0x6e,
    0x69, 0x6e, 0x67, 0x20, 0x73, 0x74, 0x61, 0x74, 0x75, 0x73, 0x20, 0x61, 0x6e, 0x64, 0x20, 0x65,
    0x72, 0x72, 0x6f, 0x72, 0x20, 0x72, 0x65, 0x74, 0x75, 0x72, 0x6e, 0x20, 0x6d, 0x65, 0x73, 0x73,
    0x61, 0x67, 0x65, 0x73, 0x2e, 0x0a, 0x0a, 0x3c, 0x64, 0x65, 0x74, 0x61, 0x69, 0x6c, 0x73, 0x20,
    0x6f, 0x70, 0x65, 0x6e, 0x3e, 0x0a, 0x3c, 0x73, 0x75, 0x6d, 0x6d, 0x61, 0x72, 0x79, 0x3e, 0x41,
    0x50, 0x49, 0x20, 0x43, 0x6f, 0x6e, 0x73, 0x74, 0x72, 0x61, 0x69, 0x6e, 0x74, 0x73, 0x3c, 0x2f,
    0x73, 0x75, 0x6d, 0x6d, 0x61, 0x72, 0x79, 0x3e, 0x0a, 0x0a, 0x2d, 0x20, 0x52, 0x65, 0x71, 0x75,
    0x65, 0x73, 0x74, 0x20, 0x69, 0x64, 0x73, 0x20, 0x61, 0x72, 0x65, 0x20, 0x6f, 0x70, 0x74, 0x69,
    0x6f, 0x6e, 0x61, 0x6c, 0x2e, 0x5c, 0x0a, 0x49, 0x66, 0x20, 0x6e, 0x6f, 0x6e, 0x65, 0x20, 0x69,
    0x73, 0x20, 0x67, 0x69, 0x76, 0x65, 0x6e, 0x20, 0x61, 0x6e, 0x64, 0x20, 0x61, 0x20, 0x70, 0x72,
    0x6f, 0x63, 0x65, 0x73, 0x73, 0x20, 0x69, 0x73, 0x20, 0x72, 0x75, 0x6e, 0x6e, 0x69, 0x6e, 0x67,
    0x2c, 0x20, 0x74, 0x68, 0x65, 0x20, 0x72, 0x65, 0x71, 0x75, 0x65, 0x73, 0x74, 0x20, 0x69, 0x73,
    0x20, 0x61, 0x70, 0x70, 0x6c, 0x69, 0x65, 0x64, 0x20, 0x74, 0x6f, 0x20, 0x74, 0x68, 0x61, 0x74,
    0x20, 0x72, 0x75, 0x6e, 0x6e, 0x69, 0x6e, 0x67, 0x20, 0x70, 0x72, 0x6f, 0x63, 0x65, 0x73, 0x73,
    0x2e, 0x5c, 0x0a, 0x4f, 0x74, 0x68, 0x65, 0x72, 0x77, 0x69, 0x73, 0x65, 0x20, 0x61, 0x20, 0x6e,
    0x65, 0x77, 0x20, 0x55, 0x55, 0x49, 0x44, 0x20, 0x69, 0x73, 0x20, 0x67, 0x65, 0x6e, 0x65, 0x72,
    0x61, 0x74, 0x65, 0x64, 0x20, 0x70, 0x65, 0x72, 0x20, 0x72, 0x65, 0x71, 0x75, 0x65, 0x73, 0x74,
    0x2e, 0x0a, 0x0a, 0x2d, 0x20, 0x49, 0x66, 0x20, 0x72, 0x65, 0x71, 0x75, 0x65, 0x73, 0x74, 0x20,
    0x69, 0x64, 0x73, 0x20, 0x61, 0x72, 0x65, 0x20, 0x70, 0x72, 0x65, 0x2d, 0x67, 0x65, 0x6e, 0x65,
    0x72, 0x61, 0x74, 0x65, 0x64, 0x20, 0x61, 0x6e, 0x64, 0x20, 0x70, 0x61, 0x72, 0x74, 0x20, 0x6f,
    0x66, 0x20, 0x74, 0x68, 0x65, 0x20, 0x72, 0x65, 0x71, 0x75, 0x65, 0x73, 0x74, 0x2c, 0x20, 0x73,
    0x75, 0x62, 0x73, 0x65, 0x71, 0x75, 0x65, 0x6e, 0x74, 0x20, 0x72, 0x65, 0x71, 0x75, 0x65, 0x73,
    0x74, 0x73, 0x20, 0x6d, 0x65, 0x61, 0x6e, 0x74, 0x20, 0x66, 0x6f, 0x72, 0x20, 0x74, 0x68, 0x61,
    0x74, 0x20, 0x70, 0x72, 0x6f, 0x63, 0x65, 0x73, 0x73, 0x20, 0x68, 0x61, 0x76, 0x65, 0x20, 0x74,
    0x6f, 0x20, 0x75, 0x73, 0x65, 0x20, 0x74, 0x68, 0x65, 0x20, 0x73, 0x61, 0x6d, 0x65, 0x20, 0x69,
    0x64, 0x2e, 0x5c, 0x0a, 0x41, 0x6e, 0x20, 0x65, 0x6d, 0x70, 0x74, 0x79, 0x20, 0x69, 0x64, 0x20,
    0x77, 0x69, 0x6c, 0x6c, 0x20, 0x77, 0x6f, 0x72, 0x6b, 0x20, 0x61, 0x73, 0x20, 0x77, 0x65, 0x6c,
    0x6c, 0x20, 0x69, 0x66, 0x20, 0x74, 0x68, 0x65, 0x20, 0x6f, 0x72, 0x69, 0x67, 0x69, 0x6e, 0x61,
    0x6c, 0x20, 0x72, 0x65, 0x71, 0x75, 0x65, 0x73, 0x74, 0x20, 0x73, 0x74, 0x61, 0x72, 0x74, 0x65,
    0x64, 0x20, 0x74, 0x68, 0x65, 0x20, 0x63, 0x75, 0x72, 0x72, 0x65, 0x6e, 0x74, 0x6c, 0x79, 0x20,
    0x72, 0x75, 0x6e, 0x6e, 0x69, 0x6e, 0x67, 0x20, 0x70, 0x72, 0x6f, 0x63, 0x65, 0x73, 0x73, 0x2e,
    0x0a, 0x0a, 0x2d, 0x20, 0x41, 0x6c, 0x6c, 0x20, 0x67, 0x69, 0x76, 0x65, 0x6e, 0x20, 0x69, 0x64,
    0x73, 0x20, 0x6d, 0x75, 0x73, 0x74, 0x20, 0x62, 0x65, 0x20, 0x76, 0x61, 0x6c, 0x69, 0x64, 0x20,
    0x76, 0x65, 0x72, 0x73, 0x69, 0x6f, 0x6e, 0x20, 0x34, 0x20, 0x55, 0x55, 0x49, 0x44, 0x73, 0x2e,
    0x0a, 0x0a, 0x2d, 0x20, 0x49, 0x66, 0x20, 0x64, 0x69, 0x73, 0x63, 0x6f, 0x6e, 0x6e, 0x65, 0x63,
    0x74, 0x65, 0x64, 0x20, 0x64, 0x75, 0x72, 0x69, 0x6e, 0x67, 0x20, 0x61, 0x20, 0x76, 0x65, 0x6e,
    0x64, 0x69, 0x6e, 0x67, 0x20, 0x70, 0x72, 0x6f, 0x63, 0x65, 0x73, 0x73, 0x2c, 0x20, 0x61, 0x66,
    0x74, 0x65, 0x72, 0x20, 0x61, 0x20, 0x72, 0x65, 0x63, 0x6f, 0x6e, 0x6e, 0x65, 0x63, 0x74, 0x20,
    0x74, 0x68, 0x65, 0x20, 0x63, 0x75, 0x72, 0x72, 0x65, 0x6e, 0x74, 0x6c, 0x79, 0x20, 0x72, 0x75,
    0x6e, 0x6e, 0x69, 0x6e, 0x67, 0x20, 0x70, 0x72, 0x6f, 0x63, 0x65, 0x73, 0x73, 0x20, 0x63, 0x61,
    0x6e, 0x20, 0x73, 0x74, 0x69, 0x6c, 0x6c, 0x20, 0x62, 0x65, 0x20, 0x63, 0x6f, 0x6e, 0x74, 0x72,
    0x6f, 0x6c, 0x6c, 0x65, 0x64, 0x2e, 0x5c, 0x0a, 0x56, 0x65, 0x6e, 0x64, 0x52, 0x65, 0x73, 0x70,
    0x6f, 0x6e, 0x73, 0x65, 0x73, 0x20, 0x74, 0x68, 0x61, 0x74, 0x20, 0x6f, 0x63, 0x63, 0x75, 0x72,
    0x72, 0x65, 0x64, 0x20, 0x64, 0x75, 0x72, 0x69, 0x6e, 0x67, 0x20, 0x74, 0x68, 0x65, 0x20, 0x64,
    0x69, 0x73, 0x63, 0x6f, 0x6e, 0x6e, 0x65, 0x63, 0x74, 0x20, 0x61, 0x72, 0x65, 0x20, 0x6c, 0x6f,
    0x73, 0x74, 0x20, 0x74, 0x68, 0x6f, 0x75, 0x67, 0x68, 0x2e, 0x0a, 0x0a, 0x2d, 0x20, 0x54, 0x68,
    0x65, 0x20, 0x6d, 0x69, 0x6e, 0x69, 0x6d, 0x75, 0x6d, 0x20, 0x71, 0x75, 0x61, 0x6e, 0x74, 0x69,
    0x74, 0x79, 0x20, 0x74, 0x6f, 0x20, 0x76, 0x65, 0x6e, 0x64, 0x20, 0x68, 0x61, 0x73, 0x20, 0x74,
    0x6f, 0x20, 0x62, 0x65, 0x20, 0x31, 0x2c, 0x20, 0x6f, 0x74, 0x68, 0x65, 0x72, 0x77, 0x69, 0x73,
    0x65, 0x20, 0x74, 0x68, 0x65, 0x20, 0x72, 0x65, 0x71, 0x75, 0x65, 0x73, 0x74, 0x20, 0x77, 0x69,
    0x6c, 0x6c, 0x20, 0x62, 0x65, 0x20, 0x72, 0x65, 0x6a, 0x65, 0x63, 0x74, 0x65, 0x64, 0x2e, 0x0a,
    0x0a, 0x2d, 0x20, 0x49, 0x74, 0x65, 0x6d, 0x73, 0x20, 0x61, 0x72, 0x65, 0x20, 0x76, 0x65, 0x6e,
    0x64, 0x65, 0x64, 0x20, 0x76, 0x69, 0x61, 0x20, 0x4c, 0x69, 0x6e, 0x65, 0x49, 0x74, 0x65, 0x6d,
    0x20, 0x6d, 0x65, 0x73, 0x73, 0x61, 0x67, 0x65, 0x73, 0x2e, 0x20, 0x54, 0x68, 0x65, 0x20, 0x60,
    0x70, 0x72, 0x69, 0x63, 0x65, 0x60, 0x20, 0x66, 0x69, 0x65, 0x6c, 0x64, 0x20, 0x69, 0x73, 0x20,
    0x6f, 0x70, 0x74, 0x69, 0x6f, 0x6e, 0x61, 0x6c, 0x20, 0x61, 0x6e, 0x64, 0x20, 0x6e, 0x6f, 0x74,
    0x20, 0x6e, 0x65, 0x63, 0x65, 0x73, 0x73, 0x61, 0x72, 0x79, 0x20, 0x66, 0x6f, 0x72, 0x20, 0x76,
    0x65, 0x6e, 0x64, 0x69, 0x6e, 0x67, 0x2e, 0x0a, 0x3c, 0x2f, 0x64, 0x65, 0x74, 0x61, 0x69, 0x6c,
    0x73, 0x3e, 0x0a, 0x0a, 0x3c, 0x64, 0x65, 0x74, 0x61, 0x69, 0x6c, 0x73, 0x20, 0x6f, 0x70, 0x65,
    0x6e, 0x3e, 0x0a, 0x3c, 0x73, 0x75, 0x6d, 0x6d, 0x61, 0x72, 0x79, 0x3e, 0x50, 0x72, 0x6f, 0x63,
    0x65, 0x73, 0x73, 0x20, 0x43, 0x6f, 0x6e, 0x73, 0x74, 0x72, 0x61, 0x69, 0x6e, 0x74, 0x73, 0x3c,
    0x2f, 0x73, 0x75, 0x6d, 0x6d, 0x61, 0x72, 0x79, 0x3e, 0x0a, 0x0a, 0x2d, 0x20, 0x54, 0x68, 0x65,
    0x72, 0x65, 0x20, 0x63, 0x61, 0x6e, 0x20, 0x6f, 0x6e, 0x6c, 0x79, 0x20, 0x62, 0x65, 0x20, 0x6f,
    0x6e, 0x65, 0x20, 0x76, 0x65, 0x6e, 0x64, 0x69, 0x6e, 0x67, 0x20, 0x70, 0x72, 0x6f, 0x63, 0x65,
    0x73, 0x73, 0x20, 0x61, 0x74, 0x20, 0x61, 0x20, 0x74, 0x69, 0x6d, 0x65, 0x2e, 0x20, 0x4d, 0x75,
    0x6c, 0x74, 0x69, 0x70, 0x6c, 0x65, 0x20, 0x69, 0x74, 0x65, 0x6d, 0x73, 0x20, 0x63, 0x61, 0x6e,
    0x20, 0x65, 0x69, 0x74, 0x68, 0x65, 0x72, 0x20, 0x62, 0x65, 0x20, 0x76, 0x65, 0x6e, 0x64, 0x65,
    0x64, 0x20, 0x6f, 0x6e, 0x65, 0x2d, 0x62, 0x79, 0x2d, 0x6f, 0x6e, 0x65, 0x2c, 0x5c, 0x0a, 0x6f,
    0x72, 0x20, 0x62, 0x79, 0x20, 0x63, 0x6f, 0x6d, 0x62, 0x69, 0x6e, 0x69, 0x6e, 0x67, 0x20, 0x74,
    0x68, 0x65, 0x6d, 0x20, 0x61, 0x6c, 0x6c, 0x20, 0x69, 0x6e, 0x74, 0x6f, 0x20, 0x6f, 0x6e, 0x65,
    0x20, 0x56, 0x65, 0x6e, 0x64, 0x53, 0x74, 0x61, 0x72, 0x74, 0x20, 0x6d, 0x65, 0x73, 0x73, 0x61,
    0x67, 0x65, 0x2e, 0x0a, 0x0a, 0x2d, 0x20, 0x46, 0x6f, 0x72, 0x20, 0x65, 0x61, 0x63, 0x68, 0x20,
    0x69, 0x6e, 0x64, 0x69, 0x76, 0x69, 0x64, 0x75, 0x61, 0x6c, 0x20, 0x76, 0x65, 0x6e, 0x64, 0x69,
    0x6e, 0x67, 0x20, 0x61, 0x74, 0x74, 0x65, 0x6d, 0x70, 0x74, 0x2c, 0x20, 0x61, 0x20, 0x56, 0x65,
    0x6e, 0x64, 0x45, 0x76, 0x65, 0x6e, 0x74, 0x20, 0x69, 0x73, 0x20, 0x73, 0x65, 0x6e, 0x74, 0x20,
    0x62, 0x61, 0x63, 0x6b, 0x2c, 0x20, 0x69, 0x6e, 0x64, 0x69, 0x63, 0x61, 0x74, 0x69, 0x6e, 0x67,
    0x20, 0x73, 0x75, 0x63, 0x63, 0x65, 0x73, 0x73, 0x20, 0x6f, 0x72, 0x20, 0x66, 0x61, 0x69, 0x6c,
    0x75, 0x72, 0x65, 0x2e, 0x0a, 0x0a, 0x2d, 0x20, 0x46, 0x6f, 0x72, 0x20, 0x4c, 0x69, 0x6e, 0x65,
    0x49, 0x74, 0x65, 0x6d, 0x20, 0x65, 0x6e, 0x74, 0x72, 0x69, 0x65, 0x73, 0x20, 0x77, 0x69, 0x74,
    0x68, 0x20, 0x61, 0x20, 0x71, 0x75, 0x61, 0x6e, 0x74, 0x69, 0x74, 0x79, 0x20, 0x67, 0x72, 0x65,
    0x61, 0x74, 0x65, 0x72, 0x20, 0x74, 0x68, 0x61, 0x6e, 0x20, 0x31, 0x2c, 0x20, 0x69, 0x74, 0x65,
    0x6d, 0x73, 0x20, 0x77, 0x69, 0x6c, 0x6c, 0x20, 0x62, 0x65, 0x20, 0x76, 0x65, 0x6e, 0x64, 0x65,
    0x64, 0x20, 0x6f, 0x6e, 0x65, 0x2d, 0x62, 0x79, 0x2d, 0x6f, 0x6e, 0x65, 0x20, 0x75, 0x6e, 0x74,
    0x69, 0x6c, 0x20, 0x61, 0x6c, 0x6c, 0x20, 0x61, 0x72, 0x65, 0x20, 0x73, 0x75, 0x63, 0x63, 0x65,
    0x73, 0x73, 0x66, 0x75, 0x6c, 0x2c, 0x20, 0x6f, 0x72, 0x20, 0x74, 0x68, 0x65, 0x20, 0x46, 0x49,
    0x52, 0x53, 0x54, 0x20, 0x76, 0x65, 0x6e, 0x64, 0x69, 0x6e, 0x67, 0x20, 0x66, 0x61, 0x69, 0x6c,
    0x75, 0x72, 0x65, 0x2e, 0x5c, 0x0a, 0x54, 0x68, 0x65, 0x20, 0x72, 0x65, 0x73, 0x75, 0x6c, 0x74,
    0x69, 0x6e, 0x67, 0x20, 0x56, 0x65, 0x6e, 0x64, 0x45, 0x76, 0x65, 0x6e, 0x74, 0x20, 0x66, 0x61,
    0x69, 0x6c, 0x75, 0x72, 0x65, 0x20, 0x6d, 0x65, 0x73, 0x73, 0x61, 0x67, 0x65, 0x20, 0x77, 0x69,
    0x6c, 0x6c, 0x20, 0x61, 0x6c, 0x73, 0x6f, 0x20, 0x63, 0x6f, 0x6e, 0x74, 0x61, 0x69, 0x6e, 0x20,
    0x74, 0x68, 0x65, 0x20, 0x6e, 0x75, 0x6d, 0x62, 0x65, 0x72, 0x20, 0x6f, 0x66, 0x20, 0x73, 0x75,
    0x63, 0x63, 0x65, 0x73, 0x73, 0x66, 0x75, 0x6c, 0x6c, 0x79, 0x20, 0x76, 0x65, 0x6e, 0x64, 0x65,
    0x64, 0x20, 0x69, 0x74, 0x65, 0x6d, 0x73, 0x2e, 0x0a, 0x0a, 0x2d, 0x20, 0x49, 0x66, 0x20, 0x6d,
    0x75, 0x6c, 0x74, 0x69, 0x70, 0x6c, 0x65, 0x20, 0x4c, 0x69, 0x6e, 0x65, 0x49, 0x74, 0x65, 0x6d,
    0x20, 0x65, 0x6e, 0x74, 0x72, 0x69, 0x65, 0x73, 0x20, 0x61, 0x72, 0x65, 0x20, 0x67, 0x69, 0x76,
    0x65, 0x6e, 0x2c, 0x20, 0x74, 0x68, 0x65, 0x20, 0x6c, 0x69, 0x73, 0x74, 0x20, 0x69, 0x73, 0x20,
    0x76, 0x65, 0x6e, 0x64, 0x65, 0x64, 0x20, 0x61, 0x63, 0x63, 0x6f, 0x72, 0x64, 0x69, 0x6e, 0x67,
    0x20, 0x74, 0x6f, 0x20, 0x74, 0x68, 0x65, 0x20, 0x6f, 0x72, 0x64, 0x65, 0x72, 0x20, 0x6f, 0x66,
    0x20, 0x74, 0x68, 0x65, 0x20, 0x65, 0x6e, 0x74, 0x72, 0x69, 0x65, 0x73, 0x20, 0x69, 0x6e, 0x20,
    0x74, 0x68, 0x65, 0x20, 0x6d, 0x65, 0x73, 0x73, 0x61, 0x67, 0x65, 0x2c, 0x0a, 0x72, 0x65, 0x67,
    0x61, 0x72, 0x64, 0x6c, 0x65, 0x73, 0x73, 0x20, 0x6f, 0x66, 0x20, 0x73, 0x75, 0x63, 0x63, 0x65,
    0x73, 0x73, 0x20, 0x6f, 0x72, 0x20, 0x66, 0x61, 0x69, 0x6c, 0x75, 0x72, 0x65, 0x2e, 0x0a, 0x0a,
    0x2d, 0x20, 0x56, 0x65, 0x6e, 0x64, 0x69, 0x6e, 0x67, 0x20, 0x76, 0x69, 0x61, 0x20, 0x74, 0x68,
    0x69, 0x73, 0x20, 0x65, 0x6e, 0x64, 0x70, 0x6f, 0x69, 0x6e, 0x74, 0x20, 0x69, 0x73, 0x20, 0x61,
    0x6c, 0x73, 0x6f, 0x20, 0x61, 0x76, 0x61, 0x69, 0x6c, 0x61, 0x62, 0x6c, 0x65, 0x20, 0x77, 0x68,
    0x65, 0x6e, 0x20, 0x74, 0x68, 0x65, 0x72, 0x65, 0x20, 0x69, 0x73, 0x20, 0x61, 0x6e, 0x20, 0x6f,
    0x6e, 0x67, 0x6f, 0x69, 0x6e, 0x67, 0x20, 0x70, 0x61, 0x79, 0x6d, 0x65, 0x6e, 0x74, 0x2c, 0x0a,
    0x73, 0x70, 0x65, 0x63, 0x69, 0x66, 0x69, 0x63, 0x61, 0x6c, 0x6c, 0x79, 0x20, 0x61, 0x66, 0x74,
    0x65, 0x72, 0x20, 0x61, 0x20, 0x70, 0x61, 0x79, 0x6d, 0x65, 0x6e, 0x74, 0x20, 0x77, 0x61, 0x73,
    0x20, 0x41, 0x50, 0x50, 0x52, 0x4f, 0x56, 0x45, 0x44, 0x20, 0x62, 0x75, 0x74, 0x20, 0x62, 0x65,
    0x66, 0x6f, 0x72, 0x65, 0x20, 0x47, 0x4f, 0x4f, 0x44, 0x53, 0x5f, 0x49, 0x53, 0x53, 0x55, 0x45,
    0x44, 0x2e, 0x5c, 0x0a, 0x49, 0x66, 0x20, 0x79, 0x6f, 0x75, 0x20, 0x64, 0x6f, 0x6e, 0x27, 0x74,
    0x20, 0x6e, 0x65, 0x65, 0x64, 0x20, 0x74, 0x68, 0x65, 0x20, 0x55, 0x55, 0x49, 0x44, 0x73, 0x20,
    0x6f, 0x66, 0x20, 0x74, 0x68, 0x69, 0x73, 0x20, 0x65, 0x6e, 0x64, 0x70, 0x6f, 0x69, 0x6e, 0x74,
    0x2c, 0x20, 0x63, 0x6f, 0x6e, 0x73, 0x69, 0x64, 0x65, 0x72, 0x20, 0x75, 0x73, 0x69, 0x6e, 0x67,
    0x20, 0x74, 0x68, 0x65, 0x20, 0x56, 0x65, 0x6e, 0x64, 0x53, 0x74, 0x61, 0x72, 0x74, 0x20, 0x6d,
    0x65, 0x73, 0x73, 0x61, 0x67, 0x65, 0x73, 0x20, 0x6f, 0x66, 0x20, 0x74, 0x68, 0x65, 0x20, 0x60,
    0x50, 0x61, 0x79, 0x60, 0x20, 0x65, 0x6e, 0x64, 0x70, 0x6f, 0x69, 0x6e, 0x74, 0x2e, 0x0a, 0x0a,
    0x2d, 0x20, 0x55, 0x6e, 0x6c, 0x69, 0x6b, 0x65, 0x20, 0x74, 0x68, 0x65, 0x20, 0x56, 0x65, 0x6e,
    0x64, 0x53, 0x74, 0x61, 0x72, 0x74, 0x20, 0x6d, 0x65, 0x73, 0x73, 0x61, 0x67, 0x65, 0x73, 0x20,
    0x65, 0x6d, 0x62, 0x65, 0x64, 0x64, 0x65, 0x64, 0x20, 0x77, 0x69, 0x74, 0x68, 0x69, 0x6e, 0x20,
    0x50, 0x61, 0x79, 0x52, 0x65, 0x71, 0x75, 0x65, 0x73, 0x74, 0x2c, 0x20, 0x74, 0x68, 0x69, 0x73,
    0x20, 0x41, 0x50, 0x49, 0x20, 0x70, 0x72, 0x6f, 0x76, 0x69, 0x64, 0x65, 0x73, 0x20, 0x55, 0x55,
    0x49, 0x44, 0x73, 0x20, 0x70, 0x65, 0x72, 0x20, 0x56, 0x65, 0x6e, 0x64, 0x52, 0x65, 0x71, 0x75,
    0x65, 0x73, 0x74, 0x2e, 0x5c, 0x0a, 0x49, 0x66, 0x20, 0x79, 0x6f, 0x75, 0x20, 0x72, 0x65, 0x71,
    0x75, 0x69, 0x72, 0x65, 0x20, 0x70, 0x72, 0x65, 0x63, 0x69, 0x73, 0x65, 0x20, 0x63, 0x6f, 0x6e,
    0x74, 0x72, 0x6f, 0x6c, 0x20, 0x6f, 0x76, 0x65, 0x72, 0x20, 0x74, 0x68, 0x65, 0x20, 0x76, 0x65,
    0x6e, 0x64, 0x69, 0x6e, 0x67, 0x20, 0x70, 0x72, 0x6f, 0x63, 0x65, 0x73, 0x73, 0x2c, 0x20, 0x75,
    0x73, 0x65, 0x20, 0x74, 0x68, 0x69, 0x73, 0x20, 0x41, 0x50, 0x49, 0x20, 0x74, 0x6f, 0x20, 0x76,
    0x65, 0x6e, 0x64, 0x20, 0x73, 0x69, 0x6e, 0x67, 0x6c, 0x65, 0x20, 0x69, 0x74, 0x65, 0x6d, 0x73,
    0x2c, 0x0a, 0x61, 0x6e, 0x64, 0x20, 0x6d, 0x61, 0x74, 0x63, 0x68, 0x20, 0x72, 0x65, 0x71, 0x75,
    0x65, 0x73, 0x74, 0x73, 0x20, 0x61, 0x6e, 0x64, 0x20, 0x61, 0x6e, 0x73, 0x77, 0x65, 0x72, 0x73,
    0x20, 0x76, 0x69, 0x61, 0x20, 0x74, 0x68, 0x65, 0x69, 0x72, 0x20, 0x55, 0x55, 0x49, 0x44, 0x73,
    0x2e, 0x0a, 0x0a, 0x2d, 0x20, 0x54, 0x68, 0x65, 0x20, 0x63, 0x61, 0x6e, 0x63, 0x65, 0x6c, 0x20,
    0x72, 0x65, 0x71, 0x75, 0x65, 0x73, 0x74, 0x20, 0x69, 0x73, 0x20, 0x70, 0x72, 0x6f, 0x76, 0x69,
    0x64, 0x65, 0x64, 0x20, 0x74, 0x6f, 0x20, 0x65, 0x6e, 0x61, 0x62, 0x6c, 0x65, 0x20, 0x73, 0x74,
    0x6f, 0x70, 0x70, 0x69, 0x6e, 0x67, 0x20, 0x6d, 0x69, 0x64, 0x77, 0x61, 0x79, 0x20, 0x64, 0x75,
    0x72, 0x69, 0x6e, 0x67, 0x20, 0x76, 0x65, 0x6e, 0x64, 0x69, 0x6e, 0x67, 0x20, 0x6f, 0x66, 0x20,
    0x61, 0x20, 0x6c, 0x69, 0x73, 0x74, 0x20, 0x6f, 0x66, 0x20, 0x4c, 0x69, 0x6e, 0x65, 0x49, 0x74,
    0x65, 0x6d, 0x20, 0x65, 0x6e, 0x74, 0x72, 0x69, 0x65, 0x73, 0x2e, 0x5c, 0x0a, 0x49, 0x66, 0x20,
    0x76, 0x65, 0x6e, 0x64, 0x69, 0x6e, 0x67, 0x20, 0x61, 0x20, 0x73, 0x69, 0x6e, 0x67, 0x6c, 0x65,
    0x20, 0x69, 0x74, 0x65, 0x6d, 0x2c, 0x20, 0x61, 0x20, 0x63, 0x61, 0x6e, 0x63, 0x65, 0x6c, 0x20,
    0x75, 0x73, 0x75, 0x61, 0x6c, 0x6c, 0x79, 0x20, 0x61, 0x72, 0x72, 0x69, 0x76, 0x65, 0x73, 0x20,
    0x74, 0x6f, 0x6f, 0x20, 0x6c, 0x61, 0x74, 0x65, 0x20, 0x74, 0x6f, 0x20, 0x73, 0x74, 0x6f, 0x70,
    0x20, 0x74, 0x68, 0x65, 0x20, 0x70, 0x72, 0x6f, 0x63, 0x65, 0x73, 0x73, 0x2e, 0x0a, 0x3c, 0x2f,
    0x64, 0x65, 0x74, 0x61, 0x69, 0x6c, 0x73, 0x3e, 0x0a, 0x0a, 0x0d, 0x0a, 0x05, 0x06, 0x02, 0x02,
    0x00, 0x01, 0x12, 0x04, 0xdd, 0x03, 0x06, 0x0a, 0x0a, 0x0d, 0x0a, 0x05, 0x06, 0x02, 0x02, 0x00,
    0x05, 0x12, 0x04, 0xdd, 0x03, 0x0b, 0x11, 0x0a, 0x0d, 0x0a, 0x05, 0x06, 0x02, 0x02, 0x00, 0x02,
    0x12, 0x04, 0xdd, 0x03, 0x12, 0x24, 0x0a, 0x0d, 0x0a, 0x05, 0x06, 0x02, 0x02, 0x00, 0x06, 0x12,
    0x04, 0xdd, 0x03, 0x2f, 0x35, 0x0a, 0x0d, 0x0a, 0x05, 0x06, 0x02, 0x02, 0x00, 0x03, 0x12, 0x04,
    0xdd, 0x03, 0x36, 0x49, 0x0a, 0x63, 0x0a, 0x02, 0x06, 0x03, 0x12, 0x06, 0xe3, 0x03, 0x00, 0xfa,
    0x03, 0x01, 0x1a, 0x55, 0x0a, 0x54, 0x68, 0x69, 0x73, 0x20, 0x73, 0x65, 0x72, 0x76, 0x69, 0x63,
    0x65, 0x20, 0x70, 0x72, 0x6f, 0x76, 0x69, 0x64, 0x65, 0x73, 0x20, 0x76, 0x65, 0x72, 0x73, 0x69,
    0x6f, 0x6e, 0x20, 0x69, 0x6e, 0x66, 0x6f, 0x72, 0x6d, 0x61, 0x74, 0x69, 0x6f, 0x6e, 0x20, 0x66,
    0x6f, 0x72, 0x20, 0x74, 0x68, 0x65, 0x20, 0x73, 0x6f, 0x66, 0x74, 0x77, 0x61, 0x72, 0x65, 0x20,
    0x6f, 0x6e, 0x20, 0x74, 0x68, 0x65, 0x20, 0x53, 0x45, 0x4e, 0x56, 0x45, 0x4e, 0x44, 0x20, 0x54,
    0x65, 0x72, 0x6d, 0x69, 0x6e, 0x61, 0x6c, 0x2e, 0x0a, 0x0a, 0x0b, 0x0a, 0x03, 0x06, 0x03, 0x01,
    0x12, 0x04, 0xe3, 0x03, 0x08, 0x16, 0x0a, 0xb2, 0x04, 0x0a, 0x04, 0x06, 0x03, 0x02, 0x00, 0x12,
    0x04, 0xf9, 0x03, 0x02, 0x46, 0x1a, 0xa3, 0x04, 0x0a, 0x52, 0x65, 0x74, 0x75, 0x72, 0x6e, 0x73,
    0x20, 0x74, 0x68, 0x65, 0x20, 0x76, 0x65, 0x72, 0x73, 0x69, 0x6f, 0x6e, 0x20, 0x69, 0x6e, 0x66,
    0x6f, 0x72, 0x6d, 0x61, 0x74, 0x69, 0x6f, 0x6e, 0x20, 0x6f, 0x66, 0x20, 0x74, 0x68, 0x65, 0x20,
    0x73, 0x6f, 0x66, 0x74, 0x77, 0x61, 0x72, 0x65, 0x20, 0x61, 0x6e, 0x64, 0x20, 0x41, 0x50, 0x49,
    0x20, 0x6f, 0x6e, 0x20, 0x74, 0x68, 0x65, 0x20, 0x53, 0x45, 0x4e, 0x56, 0x45, 0x4e, 0x44, 0x20,
    0x54, 0x65, 0x72, 0x6d, 0x69, 0x6e, 0x61, 0x6c, 0x2e, 0x0a, 0x0a, 0x3c, 0x64, 0x65, 0x74, 0x61,
    0x69, 0x6c, 0x73, 0x20, 0x6f, 0x70, 0x65, 0x6e, 0x3e, 0x0a, 0x3c, 0x73, 0x75, 0x6d, 0x6d, 0x61,
    0x72, 0x79, 0x3e, 0x41, 0x50, 0x49, 0x20, 0x43, 0x6f, 0x6e, 0x73, 0x74, 0x72, 0x61, 0x69, 0x6e,
    0x74, 0x73, 0x3c, 0x2f, 0x73, 0x75, 0x6d, 0x6d, 0x61, 0x72, 0x79, 0x3e, 0x0a, 0x0a, 0x2d, 0x20,
    0x52, 0x65, 0x71, 0x75, 0x65, 0x73, 0x74, 0x20, 0x69, 0x64, 0x73, 0x20, 0x61, 0x72, 0x65, 0x20,
    0x6f, 0x70, 0x74, 0x69, 0x6f, 0x6e, 0x61, 0x6c, 0x2e, 0x5c, 0x0a, 0x49, 0x66, 0x20, 0x6e, 0x6f,
    0x6e, 0x65, 0x20, 0x69, 0x73, 0x20, 0x67, 0x69, 0x76, 0x65, 0x6e, 0x20, 0x61, 0x20, 0x6e, 0x65,
    0x77, 0x20, 0x55, 0x55, 0x49, 0x44, 0x20, 0x69, 0x73, 0x20, 0x67, 0x65, 0x6e, 0x65, 0x72, 0x61,
    0x74, 0x65, 0x64, 0x20, 0x70, 0x65, 0x72, 0x20, 0x72, 0x65, 0x71, 0x75, 0x65, 0x73, 0x74, 0x2e,
    0x5c, 0x0a, 0x54, 0x68, 0x65, 0x73, 0x65, 0x20, 0x61, 0x72, 0x65, 0x20, 0x6d, 0x6f, 0x73, 0x74,
    0x6c, 0x79, 0x20, 0x70, 0x72, 0x6f, 0x76, 0x69, 0x64, 0x65, 0x64, 0x20, 0x66, 0x6f, 0x72, 0x20,
    0x74, 0x68, 0x65, 0x20, 0x63, 0x6c, 0x6f, 0x75, 0x64, 0x20, 0x41, 0x50, 0x49, 0x20, 0x66, 0x75,
    0x6e, 0x63, 0x74, 0x69, 0x6f, 0x6e, 0x61, 0x6c, 0x69, 0x74, 0x79, 0x2e, 0x0a, 0x3c, 0x2f, 0x64,
    0x65, 0x74, 0x61, 0x69, 0x6c, 0x73, 0x3e, 0x0a, 0x0a, 0x3c, 0x64, 0x65, 0x74, 0x61, 0x69, 0x6c,
    0x73, 0x3e, 0x0a, 0x3c, 0x73, 0x75, 0x6d, 0x6d, 0x61, 0x72, 0x79, 0x3e, 0x45, 0x78, 0x61, 0x6d,
    0x70, 0x6c, 0x65, 0x73, 0x3c, 0x2f, 0x73, 0x75, 0x6d, 0x6d, 0x61, 0x72, 0x79, 0x3e, 0x0a, 0x0a,
    0x23, 0x23, 0x23, 0x23, 0x23, 0x23, 0x20, 0x53, 0x74, 0x61, 0x6e, 0x64, 0x61, 0x72, 0x64, 0x20,
    0x76, 0x65, 0x72, 0x73, 0x69, 0x6f, 0x6e, 0x20, 0x72, 0x65, 0x71, 0x75, 0x65, 0x73, 0x74, 0x0a,
    0x0a, 0x3e, 0x20, 0x2a, 0x2a, 0x2d, 0x3e, 0x2a, 0x2a, 0x20, 0x7b, 0x7d, 0x0a, 0x0a, 0x3e, 0x20,
    0x2a, 0x2a, 0x5c, 0x3c, 0x2d, 0x2a, 0x2a, 0x20, 0x7b, 0x22, 0x69, 0x64, 0x22, 0x3a, 0x20, 0x7b,
    0x22, 0x6d, 0x73, 0x62, 0x22, 0x3a, 0x20, 0x22, 0x31, 0x30, 0x32, 0x34, 0x39, 0x31, 0x35, 0x34,
    0x37, 0x37, 0x37, 0x34, 0x30, 0x37, 0x35, 0x37, 0x31, 0x37, 0x38, 0x39, 0x22, 0x2c, 0x20, 0x22,
    0x6c, 0x73, 0x62, 0x22, 0x3a, 0x20, 0x22, 0x31, 0x31, 0x32, 0x38, 0x32, 0x39, 0x31, 0x32, 0x35,
    0x31, 0x38, 0x35, 0x32, 0x39, 0x35, 0x38, 0x31, 0x35, 0x31, 0x36, 0x22, 0x7d, 0x2c, 0x20, 0x22,
    0x61, 0x70, 0x70, 0x56, 0x65, 0x72, 0x73, 0x69, 0x6f, 0x6e, 0x22, 0x3a, 0x20, 0x7b, 0x22, 0x6d,
    0x61, 0x6a, 0x6f, 0x72, 0x22, 0x3a, 0x20, 0x31, 0x2c, 0x20, 0x22, 0x6d, 0x69, 0x6e, 0x6f, 0x72,
    0x22, 0x3a, 0x20, 0x33, 0x2c, 0x20, 0x22, 0x70, 0x61, 0x74, 0x63, 0x68, 0x22, 0x3a, 0x20, 0x31,
    0x31, 0x7d, 0x2c, 0x20, 0x22, 0x61, 0x70, 0x69, 0x56, 0x65, 0x72, 0x73, 0x69, 0x6f, 0x6e, 0x22,
    0x3a, 0x20, 0x7b, 0x22, 0x6d, 0x61, 0x6a, 0x6f, 0x72, 0x22, 0x3a, 0x20, 0x31, 0x7d, 0x7d, 0x0a,
    0x3c, 0x2f, 0x64, 0x65, 0x74, 0x61, 0x69, 0x6c, 0x73, 0x3e, 0x0a, 0x0a, 0x0d, 0x0a, 0x05, 0x06,
    0x03, 0x02, 0x00, 0x01, 0x12, 0x04, 0xf9, 0x03, 0x06, 0x0d, 0x0a, 0x0d, 0x0a, 0x05, 0x06, 0x03,
    0x02, 0x00, 0x02, 0x12, 0x04, 0xf9, 0x03, 0x0e, 0x23, 0x0a, 0x0d, 0x0a, 0x05, 0x06, 0x03, 0x02,
    0x00, 0x03, 0x12, 0x04, 0xf9, 0x03, 0x2e, 0x44, 0x62, 0x06, 0x70, 0x72, 0x6f, 0x74, 0x6f, 0x33,
];
include!("local.v1.tonic.rs");
// @@protoc_insertion_point(module)